{
    "version": "https://jsonfeed.org/version/1",
    "title": "local jobs alert",
    "description": "",
    "home_page_url": "https://localjobsalert.online",
    "feed_url": "https://localjobsalert.online/feed.json",
    "user_comment": "",
    "author": {
        "name": "Mahaveer Yadav"
    },
    "items": [
        {
            "id": "https://localjobsalert.online/nfl-non-government-employee-recruitment-2021.html",
            "url": "https://localjobsalert.online/nfl-non-government-employee-recruitment-2021.html",
            "title": "NFL Non-Government (Employee) Recruitment 2021",
            "summary": "NFL Non-Government (Employee) Notification 2021 Nationwide Fertilizers Restricted – NFL just lately add CBT Marks for the posts of 183 Junior Engineering Assistant, Attendant &amp; Advertising and marketing Consultant in Non-Government (Employee) in Advertising and marketing Transportation &amp; Varied Technical Disciplines from tenth, ITI, Diploma&hellip;",
            "content_html": "<div>\n<h2>NFL Non-Government (Employee) Notification 2021</h2>\n<p><a rel=\"nofollow noopener\" href=\"https://www.nationalfertilizers.com/\" target=\"_blank\">Nationwide Fertilizers Restricted – NFL</a> just lately add CBT Marks for the posts of 183 Junior Engineering Assistant, Attendant &amp; Advertising and marketing Consultant in Non-Government (Employee) in Advertising and marketing Transportation &amp; Varied Technical Disciplines from tenth, ITI, Diploma cross candidates excited by <a rel=\"nofollow noopener\" href=\"https://www.sarkariresultnaukri.com/\" target=\"_blank\">sarkari outcome</a> NFL Non-Government (Employee) Recruitment 2021 On-line software can apply earlier than 17 November 2021. Please undergo this text and comply with every tables for full emptiness particulars, academic qualification, eligibility standards, pay scale, wage and Find out how to apply Nationwide Fertilizers Non-Government (Staff) sarkari job opening at official web site www.nationalfertilizers.com <span style=\"color: #ff0000;\"><strong>(Go to Necessary Hyperlink Part for NFL Non-Government (Employee) CBT Marks Obtain)</strong></span></p>\n<p><hr/>\n<h3 style=\"text-align: center;\">Necessary Dates for NFL Non-Government (Employee) Recruitment 2021<strong><br/></strong></h3>\n<table style=\"width: 100%;\">\n<tbody>\n<tr style=\"background-color: #0066cc;\">\n<td style=\"width: 59.5603%; height: 24px;\" colspan=\"2\"/></tr>\n<tr style=\"height: 24px;\">\n<td style=\"width: 59.5603%; height: 24px;\"><strong>Beginning Date For Submission of On-line Software </strong></td>\n<td style=\"width: 38.7116%; text-align: center; height: 24px;\"><strong>21 October 2021</strong></td>\n</tr>\n<tr style=\"height: 24px;\">\n<td style=\"width: 59.5603%; height: 24px;\"><strong>Final Date For Submission of On-line Software </strong></td>\n<td style=\"width: 38.7116%; text-align: center; height: 24px;\"><strong>17 November 2021</strong></td>\n</tr>\n<tr>\n<td style=\"width: 59.5603%;\"><strong>Final Date for Fee of Price</strong></td>\n<td style=\"width: 38.7116%; text-align: center;\"><strong>17 November 2021</strong></td>\n</tr>\n</tbody>\n</table>\n<h3 style=\"text-align: center;\">NFL Non-Government (Staff) Emptiness 2021 Particulars<strong><br/></strong></h3>\n<table style=\"width: 100%;\">\n<tbody>\n<tr style=\"background-color: #0066cc;\">\n<td style=\"width: 47.5152%; height: 24px; text-align: center;\"><span style=\"color: #ffffff;\"><b>Publish Identify</b></span></td>\n<td style=\"width: 24.7273%; text-align: center; height: 24px;\"><span style=\"color: #ffffff;\"><b>No of Emptiness</b></span></td>\n<td style=\"text-align: center; width: 27.5152%; height: 24px;\"><span style=\"color: #ffffff;\"><b>Pay Scale</b></span></td>\n</tr>\n<tr>\n<td style=\"width: 47.5152%; text-align: center;\"><strong>Junior Engineering Assistant (Manufacturing)</strong></td>\n<td style=\"width: 24.7273%; text-align: center;\">87</td>\n<td style=\"width: 27.5152%; text-align: center;\" rowspan=\"4\">23000 – 56500/-</td>\n</tr>\n<tr>\n<td style=\"width: 47.5152%; text-align: center;\"><strong>Junior Engineering Assistant (Instrumentation)</strong></td>\n<td style=\"width: 24.7273%; text-align: center;\">15</td>\n</tr>\n<tr>\n<td style=\"width: 47.5152%; text-align: center;\"><strong>Junior Engineering Assistant (Electrical)</strong></td>\n<td style=\"width: 24.7273%; text-align: center;\">07</td>\n</tr>\n<tr>\n<td style=\"width: 47.5152%; text-align: center;\"><strong>Loco Attendant Gr-II</strong></td>\n<td style=\"width: 24.7273%; text-align: center;\">04</td>\n</tr>\n<tr>\n<td style=\"width: 47.5152%; text-align: center;\"><strong>Loco Attendant Gr-III</strong></td>\n<td style=\"width: 24.7273%; text-align: center;\">19</td>\n<td style=\"width: 27.5152%; text-align: center;\" rowspan=\"3\">21500 – 52000/-</td>\n</tr>\n<tr style=\"height: 25px;\">\n<td style=\"width: 47.5152%; height: 10px; text-align: center;\"><strong>Attendant Gr.I </strong><strong>(Mechanical)</strong></td>\n<td style=\"width: 24.7273%; height: 10px; text-align: center;\" align=\"center\">17</td>\n</tr>\n<tr style=\"height: 17px;\">\n<td style=\"width: 47.5152%; text-align: center; height: 17px;\"><strong>Attendant Gr.I </strong><strong>(Electrical)</strong></td>\n<td style=\"width: 24.7273%; text-align: center; height: 17px;\">19</td>\n</tr>\n<tr>\n<td style=\"width: 47.5152%; text-align: center;\"><strong>Advertising and marketing Consultant</strong></td>\n<td style=\"width: 24.7273%; text-align: center;\">15</td>\n<td style=\"width: 27.5152%; text-align: center;\">24000 – 67000/-</td>\n</tr>\n<tr style=\"height: 24px;\">\n<td style=\"width: 47.5152%; text-align: center; height: 24px;\"><strong>Complete</strong></td>\n<td style=\"width: 24.7273%; text-align: center; height: 24px;\" colspan=\"2\"><strong>183</strong></td>\n</tr>\n</tbody>\n</table>\n<p><center><b>Commercial</b></center><hr/>\n<h3 style=\"text-align: center;\">NFL Non-Government (Employee) Eligibility Standards<strong><br/></strong></h3>\n<div style=\"overflow-x: auto;\">\n<table style=\"width: 100%;\">\n<tbody>\n<tr style=\"background-color: #0066cc;\">\n<td style=\"width: 15.0606%; text-align: center;\"><span style=\"color: #ffffff;\"><b>Publish Identify</b></span></td>\n<td style=\"width: 32.0304%; text-align: center; height: 24px;\"><span style=\"color: #ffffff;\"><b>Instructional Qualification</b></span></td>\n<td style=\"width: 11.3939%; text-align: center; height: 24px;\"><b><span style=\"color: #ffffff;\">Age Restrict</span></b></td>\n</tr>\n<tr style=\"height: 25.125px;\">\n<td style=\"width: 15.0606%; text-align: left;\">Junior Engineering Assistant</td>\n<td style=\"height: 23px; width: 32.0304%; text-align: left;\" align=\"center\">B.Sc ( with Physics, Chemistry &amp; Arithmetic) OR 03 years Diploma in related Engineering self-discipline.</td>\n<td style=\"height: 23px; width: 11.3939%; text-align: center;\" rowspan=\"5\" align=\"center\">18 to 30 years</td>\n</tr>\n<tr>\n<td style=\"width: 15.0606%; text-align: left;\">Loco Attendant Gr-II</td>\n<td style=\"width: 32.0304%; text-align: left;\"> 3 years Diploma in Mechanical Engineering.</td>\n</tr>\n<tr>\n<td style=\"width: 15.0606%; text-align: left;\">Loco Attendant Gr-III</td>\n<td style=\"width: 32.0304%; text-align: left;\">Matric with ITI in Mechanic Diesel.</td>\n</tr>\n<tr>\n<td style=\"width: 15.0606%; text-align: left;\">Attendant Gr.I</td>\n<td style=\"width: 32.0304%; text-align: left;\">Matric and ITI in Electrician or Fitter Commerce.</td>\n</tr>\n<tr>\n<td style=\"width: 15.0606%; text-align: left;\">Advertising and marketing Consultant</td>\n<td style=\"width: 32.0304%; text-align: left;\">B.Sc. (Agriculture).</td>\n</tr>\n<tr style=\"height: 24px;\">\n<td style=\"width: 58.4849%; text-align: center;\" colspan=\"3\"><strong>Age Calculate on 30.09.2021</strong></td>\n</tr>\n</tbody>\n</table>\n</div>\n<h3 style=\"text-align: center;\">Software Price for NFL Non-Government (Staff) Notification 2021</h3>\n<div style=\"overflow-x: auto;\">\n<table style=\"width: 100%;\" width=\"100%\">\n<tbody>\n<tr style=\"background-color: #0066cc;\">\n<td style=\"width: 90.9167%; height: 24px;\" colspan=\"5\"/></tr>\n<tr style=\"background-color: #ffffff; height: 26.3125px;\">\n<td style=\"width: 38.8485%; height: 24px;\"><strong>For Common, OBC and EWS</strong></td>\n<td style=\"width: 8.48485%; height: 24px; text-align: center;\">200/-</td>\n<td style=\"height: 34px; width: 43.5833%;\" colspan=\"3\" rowspan=\"2\">Pay Examination price via web banking account or credit score/debit card.</td>\n</tr>\n<tr style=\"height: 10px;\">\n<td style=\"width: 38.8485%; height: 10px;\"><strong>For SC/ST/PwBD/ExSM/Departmental </strong></td>\n<td style=\"width: 8.48485%; height: 10px; text-align: center;\">No Price</td>\n</tr>\n</tbody>\n</table>\n</div>\n<h3 style=\"text-align: center;\">Find out how to Apply NFL Non-Government (Employee) Emptiness 2021</h3>\n<table style=\"width: 100%;\" width=\"100%\">\n<tbody>\n<tr style=\"background-color: #0066cc;\">\n<td style=\"width: 117.8px;\"/></tr>\n<tr>\n<td style=\"width: 117.8px;\"> Candidates could apply this <a rel=\"nofollow noopener\" href=\"https://www.sarkariresultnaukri.com/\" target=\"_blank\">sarkari naukri</a> On-line via the Web site <a rel=\"nofollow noopener\" href=\"https://www.nationalfertilizers.com/\" target=\"_blank\">www.nationalfertilizers.com</a> from 21.10.2021 to 10.11.2021. (Prolonged as much as 17.11.2021)\n<ul>\n<li><strong>Job Location : </strong>All India</li>\n<li><strong>NFL Attendant Choice Course of :</strong> Choice will likely be based mostly on On-line Goal Sort Check.</li>\n</ul>\n</td>\n</tr>\n</tbody>\n</table>\n<p><center><b>Commercial</b></center><hr/>\n<h3 style=\"text-align: center;\">Necessary Hyperlinks for NFL Non-Government (Employee) Emptiness 2021<strong><br/></strong></h3>\n<div class=\"wp-subscribe-single wp-subscribe-after-content\">\n<div class=\"wp-subscribe no-name-field\" id=\"wp-subscribe\" style=\"background: #1e73be;\">\n<h4 class=\"title\" style=\"color: #2a2f2d;\">Register For Free Govt Job Alert</h4>\n</div>\n</div>\n</div>\n\n\n",
            "image": "https://localjobsalert.online/media/posts/112/NFL.png",
            "author": {
                "name": "Mahaveer Yadav"
            },
            "tags": [
            ],
            "date_published": "2022-03-25T12:04:25+05:30",
            "date_modified": "2022-03-25T18:32:58+05:30"
        },
        {
            "id": "https://localjobsalert.online/rrb-ntpc-cen-012019-ntpc-1st-stage-cbt-1-examination-further-outcome.html",
            "url": "https://localjobsalert.online/rrb-ntpc-cen-012019-ntpc-1st-stage-cbt-1-examination-further-outcome.html",
            "title": "RRB NTPC CEN 01/2019 - NTPC 1st Stage CBT-1 Examination Further Outcome",
            "summary": "RRB NTPC Notification 2019 RRB NTPC not too long ago add 1st Stage CBT-1 Examination Further Outcome Discover for (Advt. No.: CEN 01/2019). Please undergo this text and observe every tables for full emptiness particulars, instructional qualification, eligibility standards, pay scale, wage and How one&hellip;",
            "content_html": "<div>\n<h2>RRB NTPC Notification 2019</h2>\n<p><span style=\"font-family: arial, helvetica, sans-serif;\">RRB NTPC not too long ago add <strong>1st Stage CBT-1 Examination Further Outcome Discover</strong> for (Advt. No.: CEN 01/2019). Please undergo this text and observe every tables for full emptiness particulars, instructional qualification, eligibility standards, pay scale, wage and How one can apply Railway Recruitment Board RRB NTPC job opening at official web site http://www.rrbald.gov.in <strong><span style=\"color: #ff0000;\">(Go to Vital Hyperlink Part for RRB NTPC 2019 2nd Stage CBT-2 Examination Date &amp; 1st Stage CBT-1 Examination Further Outcome Discover Obtain)</span></strong></span></p>\n<p><hr/>\n<h3 style=\"text-align: center;\"><strong>RRB NTPC Recruitment 2019 Particulars<br/></strong></h3>\n<div style=\"overflow-x: auto;\">\n<table style=\"width: 100%;\">\n<tbody>\n<tr style=\"background-color: #0066cc;\">\n<td style=\"width: 57.3333%; text-align: center; height: 24px;\" colspan=\"2\"><span style=\"color: #ffffff;\"><b>Submit Identify</b></span></td>\n<td style=\"width: 20.1212%; text-align: left; height: 24px;\"><span style=\"color: #ffffff;\"><b>No. of Emptiness</b></span></td>\n<td style=\"width: 22.303%; text-align: left; height: 24px;\"><span style=\"color: #ffffff;\"><b>Pay Scale</b></span></td>\n</tr>\n<tr style=\"height: 25px;\">\n<td style=\"width: 24.1792%; height: 111px; text-align: left;\" rowspan=\"5\"><strong>NTPC 10+2 Intermediate Degree Submit</strong><br/><strong><br/></strong><strong><br/></strong><strong><br/></strong><strong><br/></strong></td>\n<td style=\"width: 33.1541%; height: 25px; text-align: left;\" align=\"center\">Junior Clerk cum Typist</td>\n<td style=\"width: 20.1212%; height: 25px; text-align: left;\" align=\"center\">4319</td>\n<td style=\"width: 22.303%; height: 95px; text-align: left;\" rowspan=\"4\" align=\"center\">19900/- Degree 02</td>\n</tr>\n<tr style=\"height: 22px;\">\n<td style=\"width: 33.1541%; text-align: left; height: 22px;\">Accounts Clerk cum Typist</td>\n<td style=\"width: 20.1212%; text-align: left; height: 22px;\">760</td>\n</tr>\n<tr style=\"height: 24px;\">\n<td style=\"width: 33.1541%; text-align: left; height: 24px;\">Junior Time Keeper</td>\n<td style=\"width: 20.1212%; text-align: left; height: 24px;\">17</td>\n</tr>\n<tr style=\"height: 24px;\">\n<td style=\"width: 33.1541%; text-align: left; height: 24px;\">Trains Clerk</td>\n<td style=\"width: 20.1212%; text-align: left; height: 24px;\">592</td>\n</tr>\n<tr style=\"height: 16px;\">\n<td style=\"width: 33.1541%; text-align: left; height: 16px;\">Business cum Ticket Clerk</td>\n<td style=\"width: 20.1212%; text-align: left; height: 16px;\">4940</td>\n<td style=\"width: 22.303%; text-align: left; height: 16px;\">21700/- Degree 03</td>\n</tr>\n<tr style=\"height: 24px;\">\n<td style=\"width: 24.1792%; text-align: left; height: 200px;\" rowspan=\"8\"><strong>NTPC Graduate Degree Submit<br/></strong></td>\n<td style=\"width: 33.1541%; text-align: left; height: 24px;\">Site visitors Assistant</td>\n<td style=\"width: 20.1212%; text-align: left; height: 24px;\">88</td>\n<td style=\"width: 22.303%; text-align: left; height: 24px;\">25500/- Degree 04</td>\n</tr>\n<tr style=\"height: 24px;\">\n<td style=\"width: 33.1541%; text-align: left; height: 24px;\">Items Guard</td>\n<td style=\"width: 20.1212%; text-align: left; height: 24px;\">5748</td>\n<td style=\"width: 22.303%; text-align: left; height: 128px;\" rowspan=\"5\">29900/- Degree 05</td>\n</tr>\n<tr style=\"height: 27px;\">\n<td style=\"width: 33.1541%; text-align: left; height: 27px;\">Senior Business cum Ticket Clerk</td>\n<td style=\"width: 20.1212%; text-align: left; height: 27px;\">5648</td>\n</tr>\n<tr style=\"height: 20px;\">\n<td style=\"width: 33.1541%; text-align: left; height: 20px;\">Senior Clerk cum Typist</td>\n<td style=\"width: 20.1212%; text-align: left; height: 20px;\">2873</td>\n</tr>\n<tr style=\"height: 33px;\">\n<td style=\"width: 33.1541%; text-align: left; height: 33px;\">Junior Account Assistant cum Typist</td>\n<td style=\"width: 20.1212%; text-align: left; height: 33px;\">3164</td>\n</tr>\n<tr style=\"height: 24px;\">\n<td style=\"width: 33.1541%; text-align: left; height: 24px;\">Senior Time Keeper</td>\n<td style=\"width: 20.1212%; text-align: left; height: 24px;\">14</td>\n</tr>\n<tr style=\"height: 24px;\">\n<td style=\"width: 33.1541%; text-align: left; height: 24px;\">Business Apprentice</td>\n<td style=\"width: 20.1212%; text-align: left; height: 24px;\">259</td>\n<td style=\"width: 22.303%; text-align: left; height: 48px;\" rowspan=\"2\">35400/- Degree 06</td>\n</tr>\n<tr style=\"height: 24px;\">\n<td style=\"width: 33.1541%; text-align: left; height: 24px;\">Station Grasp</td>\n<td style=\"width: 20.1212%; text-align: left; height: 24px;\">6865</td>\n</tr>\n</tbody>\n</table>\n</div>\n<table style=\"width: 100%;\">\n<tbody>\n<tr style=\"background-color: #0066cc;\">\n<td style=\"width: 23.0209%;\" colspan=\"3\">\n<h3 style=\"text-align: center;\"><span style=\"color: #ffffff;\"><strong>Eligibility Standards for RRB NTPC</strong><strong> 2019 Notification</strong></span></h3>\n</td>\n</tr>\n<tr>\n<td style=\"width: 23.0209%;\"><strong>Submit Identify</strong></td>\n<td style=\"width: 42.705%;\"><strong>Schooling Qualification</strong></td>\n<td style=\"width: 34.274%;\"><strong>Age Restrict (As on 01.07.2019)</strong></td>\n</tr>\n<tr>\n<td style=\"width: 23.0209%;\"><strong>NTPC 10+2 Intermediate Degree Submit</strong></td>\n<td style=\"width: 42.705%;\" align=\"center\">10+2 Intermediate Examination with 50% Marks in Any Acknowledged Board in India.</td>\n<td style=\"width: 34.274%;\" align=\"center\">\n<ul>\n<li>18 to 30 years for Gen</li>\n<li>18 to 33 years for OBC</li>\n<li>18 to 35 years for SC/ST</li>\n<li>18 to 45 years for PWD</li>\n</ul>\n</td>\n</tr>\n<tr>\n<td style=\"width: 23.0209%;\"><strong>NTPC Graduate Degree Submit</strong></td>\n<td style=\"width: 42.705%;\">Bachelor Diploma in Any Stream in Any Acknowledged College in India.</td>\n<td style=\"width: 34.274%;\">\n<ul>\n<li>18 to 33 years for Gen</li>\n<li>18 to 36 years for OBC</li>\n<li>18 to 38 years for SC/ST</li>\n<li>18 to 43 years for PWD</li>\n</ul>\n</td>\n</tr>\n</tbody>\n</table>\n<table>\n<tbody>\n<tr style=\"background-color: #0066cc;\">\n<td style=\"width: 427.2px;\" colspan=\"3\">\n<h3 style=\"text-align: center;\"><span style=\"color: #ffffff;\"><strong>Utility Payment for RRB NTPC Emptiness 2019</strong></span></h3>\n</td>\n</tr>\n<tr>\n<td style=\"width: 427.2px;\"><strong>For UR/OBC Male</strong></td>\n<td style=\"width: 427.2px;\"> 500/-</td>\n<td style=\"width: 427.2px;\" rowspan=\"2\">Pay Examination charge by means of  Debit/bank card or Internet Banking or challan in any department of SBI or Computerized Submit Workplace Pay-in-Slip.</td>\n</tr>\n<tr>\n<td><strong>For SC/ST/PWD &amp; Girls Candidates</strong></td>\n<td style=\"width: 427.2px;\"> 250/-</td>\n</tr>\n</tbody>\n</table>\n<table style=\"width: 100%;\">\n<tbody>\n<tr style=\"background-color: #0066cc;\">\n<td style=\"width: 59.5603%;\" colspan=\"2\">\n<h3 style=\"text-align: center;\"><span style=\"color: #ffffff;\"><strong>Vital Dates for RRB NTPC Emptiness</strong></span></h3>\n</td>\n</tr>\n<tr>\n<td style=\"width: 59.5603%;\"><strong>Beginning Date for Submission of On-line Utility</strong></td>\n<td style=\"width: 38.7116%;\">01 March 2019</td>\n</tr>\n<tr>\n<td style=\"width: 59.5603%;\"><strong>Final Date for Submission of On-line Utility</strong></td>\n<td style=\"width: 38.7116%;\">31 March 2019</td>\n</tr>\n<tr>\n<td style=\"width: 59.5603%;\"><strong>Final Date of Payment Fee by On-line/Challan</strong></td>\n<td style=\"width: 38.7116%;\">05 April 2019</td>\n</tr>\n<tr>\n<td style=\"width: 59.5603%;\"><strong>Final Date for Last Submission of On-line Utility</strong></td>\n<td style=\"width: 38.7116%;\">12 April 2019</td>\n</tr>\n<tr>\n<td style=\"width: 59.5603%;\"><strong>Beginning Date of CBT Examination</strong></td>\n<td style=\"width: 38.7116%;\">28 December 2020 to 13 Jan 2021</td>\n</tr>\n<tr>\n<td style=\"width: 59.5603%;\"><strong>Beginning Date of Part II CBT Examination</strong><strong><br/></strong></td>\n<td style=\"width: 38.7116%;\">16 to 30 January 2021</td>\n</tr>\n<tr>\n<td style=\"width: 59.5603%;\"><strong>Beginning Date of Part III CBT Examination</strong></td>\n<td style=\"width: 38.7116%;\">31.01.2021 to 12.02.2021</td>\n</tr>\n<tr>\n<td style=\"width: 59.5603%;\"><strong>Beginning Date of Part IV CBT Examination</strong></td>\n<td style=\"width: 38.7116%;\">15 February to 03 March 2021</td>\n</tr>\n<tr>\n<td style=\"width: 59.5603%;\"><strong>Beginning Date of Part V CBT Examination</strong></td>\n<td style=\"width: 38.7116%;\">04 to 27 March 2021</td>\n</tr>\n<tr>\n<td style=\"width: 59.5603%;\"><strong>Beginning Date of Part VI CBT Examination</strong></td>\n<td style=\"width: 38.7116%;\">01 to 08 April 2021</td>\n</tr>\n<tr>\n<td style=\"width: 59.5603%;\"><strong>Beginning Date of Part VII CBT Examination</strong></td>\n<td style=\"width: 38.7116%;\">23, 24, 26 &amp; 31 July 2021</td>\n</tr>\n</tbody>\n</table>\n<p><center><b></b></center><hr/>\n<table style=\"width: 100%;\">\n<tbody>\n<tr style=\"background-color: #0066cc;\">\n<td style=\"width: 427.2px; height: 38px;\">\n<h3 style=\"text-align: center;\"><span style=\"color: #ffffff;\"><strong>How one can Apply </strong><strong>RRB NTPC</strong><strong> </strong><strong>Emptiness 2019</strong></span></h3>\n</td>\n</tr>\n<tr style=\"height: 48px;\">\n<td style=\"width: 100px; height: 10px;\"> Candidates could apply this sarkari naukri</a> On-line by means of the <a rel=\"nofollow\" href=\"https://www.sarkariresultnaukri.com/recruitment/railway-rrb/\">RRB</a> web site http://www.rrbald.gov.in from 01.03.2019 to 31.03.2019.\n<ul>\n<li><strong>Advt. No. : </strong>CEN 01/2019</li>\n<li><strong>Job Location:</strong> All India</li>\n<li><strong>Choice Course of :</strong> Choice will probably be primarily based on <span style=\"font-family: arial, helvetica, sans-serif;\">CBT-1 &amp; 2nd Stage CBT-2.</span></li>\n</ul>\n</td>\n</tr>\n</tbody>\n</table>\n<div class=\"wp-subscribe-single wp-subscribe-after-content\">\n<div class=\"wp-subscribe no-name-field\" id=\"wp-subscribe\" style=\"background: #1e73be;\">\n<h4 class=\"title\" style=\"color: #2a2f2d;\"></h4>\n</div>\n</div>\n</div>\n\n\n",
            "image": "https://localjobsalert.online/media/posts/111/rrb.jpg",
            "author": {
                "name": "Mahaveer Yadav"
            },
            "tags": [
            ],
            "date_published": "2022-03-25T10:46:06+05:30",
            "date_modified": "2022-03-25T18:32:58+05:30"
        },
        {
            "id": "https://localjobsalert.online/rsmssb-laptop-teacher-recruitment-2022.html",
            "url": "https://localjobsalert.online/rsmssb-laptop-teacher-recruitment-2022.html",
            "title": "RSMSSB Laptop Teacher Recruitment 2022",
            "summary": "RSMSSB Laptop Teacher Recruitment 2022 RSMSSB has launched an Official Notification for the posts of 10157 Fundamental &amp; Senior Laptop Teacher in Non TSP &amp; TSP Space kind Graduate cross candidates inquisitive about freenaukarialert.on-line RSMSSB Laptop Teacher Recruitment 2022 On-line utility can apply earlier than&hellip;",
            "content_html": "<div>\n<h2 style=\"text-align: left;\">RSMSSB Laptop Teacher Recruitment 2022</h2>\n<p>RSMSSB has launched an Official Notification for the posts of 10157 Fundamental &amp; Senior Laptop Teacher in Non TSP &amp; TSP Space kind Graduate cross candidates inquisitive about freenaukarialert.on-line RSMSSB Laptop Teacher Recruitment 2022 On-line utility can apply earlier than 09 March 2022. Please undergo this text and observe every tables for full emptiness particulars, academic qualification, eligibility standards, pay scale, wage and Find out how to apply Rajasthan RSMSSB Laptop Teacher sarkari job opening at official web site www.rsmssb.rajasthan.gov.in <span style=\"color: #ff0000;\"><strong>(Go to Vital Hyperlink Part for RSMSSB Laptop Teacher Written Examination Date Discover Obtain)</strong></span></p>\n<p><hr/>\n<h3 style=\"text-align: center;\">Vital Dates for RSMSSB Laptop Teacher Recruitment 2022</h3>\n<table style=\"width: 100%;\">\n<tbody>\n<tr style=\"background-color: #0066cc;\">\n<td style=\"text-align: center;\" colspan=\"2\"/></tr>\n<tr>\n<td><strong>Beginning Date for Submission Of On-line Utility</strong></td>\n<td><strong>08 February 2022</strong></td>\n</tr>\n<tr>\n<td><strong>Final Date for Submission Of On-line Utility</strong></td>\n<td><strong>09 March 2022</strong></td>\n</tr>\n<tr>\n<td><strong>Final Date for cost of Charge</strong></td>\n<td><strong>09 March 2022</strong></td>\n</tr>\n<tr>\n<td><strong>RSMSSB Laptop Teacher Examination Date</strong></td>\n<td><strong>18 &amp; 19 June 2022</strong></td>\n</tr>\n</tbody>\n</table>\n<h3 style=\"text-align: center;\"><strong>RSMSSB Laptop Teacher Emptiness 2022 Particulars<br/></strong></h3>\n<div style=\"overflow-x: auto;\">\n<table style=\"width: 100%;\">\n<tbody>\n<tr style=\"background-color: #0066cc; height: 21px;\">\n<td style=\"width: 41.0909%; height: 21px; text-align: center;\"><span style=\"color: #ffffff;\"><strong> Submit Identify</strong></span></td>\n<td style=\"width: 14.3332%; text-align: center; height: 21px;\"><span style=\"color: #ffffff;\"><strong>Space</strong></span></td>\n<td style=\"width: 20.5151%; height: 21px; text-align: center;\"><span style=\"color: #ffffff;\"><strong>No Of Emptiness</strong></span></td>\n<td style=\"width: 31.0608%; height: 21px; text-align: center;\"><span style=\"color: #ffffff;\"><strong>Pay Scale</strong></span></td>\n</tr>\n<tr style=\"height: 21px;\">\n<td style=\"width: 41.0909%; height: 48px; text-align: center;\" rowspan=\"2\"><strong>Fundamental Laptop Teacher</strong></td>\n<td style=\"width: 14.3332%; text-align: center; height: 24px;\">Non TSP</td>\n<td style=\"width: 20.5151%; height: 24px; text-align: center;\">8974</td>\n<td style=\"width: 31.0608%; height: 48px; text-align: center;\" rowspan=\"2\">Pay Matrix L-8</td>\n</tr>\n<tr style=\"height: 21px;\">\n<td style=\"width: 14.3332%; text-align: center; height: 24px;\">TSP Space</td>\n<td style=\"width: 20.5151%; height: 24px; text-align: center;\">888</td>\n</tr>\n<tr>\n<td style=\"width: 41.0909%; text-align: center;\" rowspan=\"2\"><strong>Senior Laptop Teacher</strong></td>\n<td style=\"width: 14.3332%; text-align: center;\">Non TSP</td>\n<td style=\"width: 20.5151%; text-align: center;\">282</td>\n<td style=\"width: 31.0608%; text-align: center;\" rowspan=\"2\">Pay Matrix L-10</td>\n</tr>\n<tr>\n<td style=\"width: 14.3332%; text-align: center;\">TSP Space</td>\n<td style=\"width: 20.5151%; text-align: center;\">13</td>\n</tr>\n<tr style=\"height: 24px;\">\n<td style=\"width: 41.0909%; text-align: center; height: 24px;\" colspan=\"2\"><strong>Whole</strong></td>\n<td style=\"width: 20.5151%; text-align: center; height: 24px;\" colspan=\"2\"><strong>10157</strong></td>\n</tr>\n</tbody>\n</table>\n</div>\n<h3 style=\"text-align: center;\">Class smart RSMSSB Laptop Teacher Emptiness 2022 Particulars</h3>\n<div style=\"overflow-x: auto;\">\n<table style=\"width: 100%;\">\n<tbody>\n<tr style=\"background-color: #0066cc;\">\n<td style=\"width: 16.6667%;\"><span style=\"color: #ffffff;\"><strong>Class</strong></span></td>\n<td style=\"width: 8.33335%;\"><span style=\"color: #ffffff;\"><strong>Non TSP Space</strong></span></td>\n<td style=\"width: 8.33335%;\"><span style=\"color: #ffffff;\"><strong>TSP Space</strong></span></td>\n<td style=\"width: 8.33335%;\"><span style=\"color: #ffffff;\"><strong>Non TSP Space</strong></span></td>\n<td style=\"width: 8.33335%;\"><span style=\"color: #ffffff;\"><strong>TSP Space</strong></span></td>\n</tr>\n<tr>\n<td style=\"width: 16.6667%;\"/>\n<td style=\"width: 8.33335%;\" colspan=\"2\">Fundamental Laptop Teacher</td>\n<td style=\"width: 8.33335%;\" colspan=\"2\">Senior Laptop Teacher</td>\n</tr>\n<tr>\n<td style=\"width: 16.6667%;\">Basic</td>\n<td style=\"width: 8.33335%;\">3296</td>\n<td style=\"width: 8.33335%;\">453</td>\n<td style=\"width: 8.33335%;\">131</td>\n<td style=\"width: 8.33335%;\">08</td>\n</tr>\n<tr>\n<td style=\"width: 16.6667%;\">EWS</td>\n<td style=\"width: 8.33335%;\">886</td>\n<td style=\"width: 8.33335%;\">0</td>\n<td style=\"width: 8.33335%;\">22</td>\n<td style=\"width: 8.33335%;\">0</td>\n</tr>\n<tr>\n<td style=\"width: 16.6667%;\">SC</td>\n<td style=\"width: 8.33335%;\">1408</td>\n<td style=\"width: 8.33335%;\">40</td>\n<td style=\"width: 8.33335%;\">39</td>\n<td style=\"width: 8.33335%;\">0</td>\n</tr>\n<tr>\n<td style=\"width: 16.6667%;\">ST</td>\n<td style=\"width: 8.33335%;\">1059</td>\n<td style=\"width: 8.33335%;\">395</td>\n<td style=\"width: 8.33335%;\">26</td>\n<td style=\"width: 8.33335%;\">05</td>\n</tr>\n<tr>\n<td style=\"width: 16.6667%;\">OBC</td>\n<td style=\"width: 8.33335%;\">1857</td>\n<td style=\"width: 8.33335%;\">0</td>\n<td style=\"width: 8.33335%;\">53</td>\n<td style=\"width: 8.33335%;\">0</td>\n</tr>\n<tr>\n<td style=\"width: 16.6667%;\">MBC</td>\n<td style=\"width: 8.33335%;\">436</td>\n<td style=\"width: 8.33335%;\">0</td>\n<td style=\"width: 8.33335%;\">10</td>\n<td style=\"width: 8.33335%;\">0</td>\n</tr>\n<tr>\n<td style=\"width: 16.6667%;\">Sahariya</td>\n<td style=\"width: 8.33335%;\">32</td>\n<td style=\"width: 8.33335%;\">0</td>\n<td style=\"width: 8.33335%;\">01</td>\n<td style=\"width: 8.33335%;\"/></tr>\n<tr>\n<td style=\"width: 16.6667%;\"><strong>Whole</strong></td>\n<td style=\"width: 8.33335%;\"><strong>8974</strong></td>\n<td style=\"width: 8.33335%;\"><strong>888</strong></td>\n<td style=\"width: 8.33335%;\"><strong>282</strong></td>\n<td style=\"width: 8.33335%;\"><strong>13</strong></td>\n</tr>\n</tbody>\n</table>\n</div>\n<p><center><b></b></center><hr/>\n<h3 style=\"text-align: center;\">RSMSSB Laptop Teacher Eligibility Standards</h3>\n<div style=\"overflow-x: auto;\">\n<table style=\"width: 100%;\">\n<tbody>\n<tr style=\"background-color: #0066cc;\">\n<td style=\"text-align: center; width: 14.3378%;\"><span style=\"color: #ffffff;\"><strong>Submit Identify</strong></span></td>\n<td style=\"text-align: center; width: 35.6712%;\"><span style=\"color: #ffffff;\"><strong>Academic </strong><b>Qualification</b></span></td>\n<td style=\"text-align: center; width: 10.2851%;\"><span style=\"color: #ffffff;\"><strong>Age Restrict</strong></span></td>\n</tr>\n<tr>\n<td style=\"width: 14.3378%;\">Fundamental Laptop Teacher</td>\n<td style=\"width: 35.6712%;\">Bachelor Diploma with A Degree / PGDCA OR BE / B.Tech in CS / IT / ECE / EE / EEE / EIC / TIE OR B.SC in CS / IT OR BCA.</td>\n<td style=\"width: 10.2851%;\" rowspan=\"2\">18 to 40 years</td>\n</tr>\n<tr>\n<td style=\"width: 14.3378%;\">Senior Laptop Teacher</td>\n<td style=\"width: 35.6712%;\">Grasp in Engineering ME / M.Tech in CS / IT / Electronics and Communication / Electrical Engineering / Electrical Electronics Engineering / ETE / EIE / M.Sc in CS / IT / MCA.</td>\n</tr>\n<tr>\n<td style=\"width: 14.3378%; text-align: center;\" colspan=\"3\"><strong>Age Calculate on 01.01.2023</strong></td>\n</tr>\n</tbody>\n</table>\n</div>\n<h3 style=\"text-align: center;\">RSMSSB Laptop Teacher Utility Charge</h3>\n<table style=\"width: 100%;\">\n<tbody>\n<tr>\n<td style=\"background-color: #0066cc; width: 95%; text-align: center;\" colspan=\"3\"/></tr>\n<tr>\n<td style=\"width: 36.5369%;\"><strong>For Gen/ UR and EWS</strong></td>\n<td style=\"width: 10.4631%;\">450 /-</td>\n<td style=\"width: 48%;\" rowspan=\"3\">Pay Examination payment by way of bank card/ debit card/ web banking/ E Mitra Kiosk.</td>\n</tr>\n<tr>\n<td style=\"width: 36.5369%;\"><strong>For OBC Non-Creamy layer</strong></td>\n<td style=\"width: 10.4631%;\">350 /-</td>\n</tr>\n<tr>\n<td style=\"width: 36.5369%;\"><b>For SC/ ST/ PH</b></td>\n<td style=\"width: 10.4631%;\">250/-</td>\n</tr>\n</tbody>\n</table>\n<h3 style=\"text-align: center;\">Find out how to Apply RSMSSB Laptop Teacher Emptiness 2022</h3>\n<p><center><b></b></center><hr/>\n<h3 style=\"text-align: center;\">Vital Hyperlinks for RSMSSB Laptop Teacher Recruitment 2022</h3>\n<div class=\"wp-subscribe-single wp-subscribe-after-content\">\n<div class=\"wp-subscribe no-name-field\" id=\"wp-subscribe\" style=\"background: #1e73be;\">\n<h4 class=\"title\" style=\"color: #2a2f2d;\"></h4>\n</div>\n</div>\n</div>\n\n\n",
            "image": "https://localjobsalert.online/media/posts/110/RSMSSB.jpg",
            "author": {
                "name": "Mahaveer Yadav"
            },
            "tags": [
            ],
            "date_published": "2022-03-25T09:32:30+05:30",
            "date_modified": "2022-03-25T18:32:58+05:30"
        },
        {
            "id": "https://localjobsalert.online/jute-company-junior-assistant-recruitment-2022-reply-key.html",
            "url": "https://localjobsalert.online/jute-company-junior-assistant-recruitment-2022-reply-key.html",
            "title": "Jute Company Junior Assistant Recruitment 2022 – Reply Key",
            "summary": "JCI Junior Assistant Recruitment 2022 The Jute Company Of India Restricted (JCI) has launched an Official Notification for the posts of 63 Accountant, Junior Assistant &amp; Junior Inspector Emptiness from twelfth &amp; B.Com, Graduate &amp; M.Com diploma go candidates fascinated by freenaukarialert.on-line JCI Junior Assistant&hellip;",
            "content_html": "<div>\n<h2>JCI Junior Assistant Recruitment 2022</h2>\n<p>The Jute Company Of India Restricted (JCI) has launched an Official Notification for the posts of 63 Accountant, Junior Assistant &amp; Junior Inspector Emptiness from twelfth &amp; B.Com, Graduate &amp; M.Com diploma go candidates fascinated by freenaukarialert.on-line JCI Junior Assistant Recruitment 2022 on-line software kind can apply earlier than 13 January 2022. Please undergo this text and comply with every tables for full emptiness particulars, academic qualification, eligibility standards, pay scale, wage and The way to apply JCI Junior Assistant &amp; Numerous sarkari job opening at official web site https://www.jutecorp.in <span style=\"color: #ff0000;\"><strong>(Go to Essential Hyperlink Part for JCI Junior Assistant &amp; Numerous Publish CBT Examination Reply Key Obtain)</strong></span></p>\n<p><hr/>\n<h3 style=\"text-align: center;\">JCI Junior Assistant Recruitment 2022 : Essential Dates</h3>\n<div>\n<table style=\"width: 100%;\">\n<tbody>\n<tr style=\"background-color: #0066cc;\">\n<td style=\"width: 99.0303%; height: 24px;\" colspan=\"2\"/></tr>\n<tr>\n<td style=\"width: 65.0909%;\"><strong>Beginning Date For Submission of On-line Software</strong></td>\n<td style=\"width: 33.9394%;\"><strong>24 December 2021</strong></td>\n</tr>\n<tr style=\"height: 24px;\">\n<td style=\"width: 65.0909%; height: 24px;\"><strong>Final Date For Submission of On-line Software</strong></td>\n<td style=\"width: 33.9394%; height: 24px;\"><strong>13 January 2022</strong></td>\n</tr>\n<tr>\n<td style=\"width: 65.0909%;\"><strong>CBT Examination Date</strong></td>\n<td style=\"width: 33.9394%;\"><strong>01 March 2022</strong></td>\n</tr>\n</tbody>\n</table>\n</div>\n<h3 style=\"text-align: center;\">Jute Company Junior Assistant Emptiness 2022 Particulars</h3>\n<table style=\"width: 100%;\">\n<tbody>\n<tr style=\"background-color: #0066cc;\">\n<td style=\"width: 40.9697%; height: 24px;\"><span style=\"color: #ffffff;\"><strong>Publish Identify</strong></span></td>\n<td style=\"width: 24.1212%; height: 24px;\"><span style=\"color: #ffffff;\"><strong>No. of Emptiness</strong></span></td>\n<td style=\"width: 33.6969%; height: 24px;\"><span style=\"color: #ffffff;\"><strong>Pay Scale</strong></span></td>\n</tr>\n<tr style=\"height: 24px;\">\n<td style=\"width: 40.9697%; height: 10px;\"><strong>Accountant</strong></td>\n<td style=\"width: 24.1212%; height: 10px;\">12</td>\n<td style=\"height: 10px; width: 33.6969%;\">28,600 – 1,15,000/-</td>\n</tr>\n<tr style=\"height: 24px;\">\n<td style=\"width: 40.9697%; height: 24px;\"><strong>Junior Assistant</strong></td>\n<td style=\"width: 24.1212%; height: 24px;\">11</td>\n<td style=\"width: 33.6969%; height: 24px;\" rowspan=\"2\">21,500 – 86,500/-</td>\n</tr>\n<tr>\n<td style=\"width: 40.9697%;\"><strong>Junior Inspector</strong></td>\n<td style=\"width: 24.1212%;\">40</td>\n</tr>\n<tr style=\"height: 24px;\">\n<td style=\"width: 40.9697%; height: 24px;\"><strong>Whole</strong></td>\n<td style=\"width: 57.8181%; height: 24px;\" colspan=\"2\"><strong>63</strong></td>\n</tr>\n</tbody>\n</table>\n<p><center><b></b></center><hr/>\n<h3 style=\"text-align: center;\">JCI Junior Assistant Eligibility Standards</h3>\n<div style=\"overflow-x: auto;\">\n<table style=\"width: 100%;\">\n<tbody>\n<tr style=\"background-color: #0066cc;\">\n<td style=\"width: 3.84838%; height: 27px;\"><span style=\"color: #ffffff;\"><strong>Publish Identify</strong></span></td>\n<td style=\"width: 34.2727%; height: 27px;\"><span style=\"color: #ffffff;\"><strong>Academic </strong><b>Qualification</b></span></td>\n<td style=\"width: 4.24239%; text-align: center; height: 27px;\"><span style=\"color: #ffffff;\"><strong>Age Restrict</strong></span></td>\n</tr>\n<tr style=\"height: 48px;\">\n<td style=\"width: 3.84838%; height: 49px;\">Accountant</td>\n<td style=\"width: 34.2727%; height: 49px;\">M.Com with Superior Accountancy and auditing as a particular topic with 5 Years expertise OR B.Com with 7 Years expertise.</td>\n<td style=\"width: 4.24239%; height: 107px; text-align: center;\" rowspan=\"3\">30 years</td>\n</tr>\n<tr>\n<td style=\"width: 3.84838%;\">Junior Assistant</td>\n<td style=\"width: 34.2727%;\">Graduate or equal from a acknowledged college with expertise in utilizing computer systems (MS phrase &amp; Excel) and minimal typing velocity is 40 wpm in English.</td>\n</tr>\n<tr style=\"height: 48px;\">\n<td style=\"width: 3.84838%; height: 48px;\">Junior Inspector</td>\n<td style=\"width: 34.2727%; height: 48px;\">Cross in Class 12 or equal with 3 Years expertise.</td>\n</tr>\n<tr style=\"height: 24px;\">\n<td style=\"width: 42.3634%; text-align: center; height: 24px;\" colspan=\"3\"><strong>Age Calculate On 01.12.2021</strong></td>\n</tr>\n</tbody>\n</table>\n</div>\n<h3 style=\"text-align: center;\">Jute Company Junior Assistant Software Payment</h3>\n<table style=\"width: 100%;\">\n<tbody>\n<tr style=\"background-color: #0066cc;\">\n<td style=\"height: 24px; width: 98.7424%;\" colspan=\"5\"/></tr>\n<tr style=\"height: 24px;\">\n<td style=\"height: 24px; width: 34.5%;\" colspan=\"3\">For Common/OBC/EWS Candidates</td>\n<td style=\"width: 8.84849%;\">200/-</td>\n<td style=\"width: 55.3939%;\" rowspan=\"2\">Pay software payment utilizing by means of on-line Internet banking/Debit card/Bank card and many others.</td>\n</tr>\n<tr>\n<td style=\"width: 34.5%;\" colspan=\"3\">For SC/ST/PwBD/ESM Candidates</td>\n<td style=\"width: 8.84849%;\">No Payment</td>\n</tr>\n</tbody>\n</table>\n<h3 style=\"text-align: center;\">The way to Apply JCI Junior Assistant Emptiness 2022</h3>\n<table style=\"width: 100%;\">\n<tbody>\n<tr style=\"background-color: #0066cc;\"><td/></tr>\n<tr>\n<td> candidates might apply this sarkari naukri</a> On-line by means of the web site <a rel=\"nofollow noopener\" href=\"https://www.jutecorp.in/\" target=\"_blank\">https://www.jutecorp.in</a> from 24.12.2021 to 13.01.2022.\n<ul>\n<li><strong>Advt. No. :</strong> 01/2021</li>\n<li><strong>Job Loca</strong><strong>tion : </strong>All India</li>\n<li><strong>Choice Course of : </strong>Choice shall be primarily based on Pc Primarily based On-line Examination.</li>\n</ul>\n</td>\n</tr>\n</tbody>\n</table>\n<p><center><b></b></center><hr/>\n<h3 style=\"text-align: center;\">Jute Company Junior Assistant Recruitment 2022 : Essential Hyperlinks</h3>\n<div class=\"wp-subscribe-single wp-subscribe-after-content\">\n<div class=\"wp-subscribe no-name-field\" id=\"wp-subscribe\" style=\"background: #1e73be;\">\n<h4 class=\"title\" style=\"color: #2a2f2d;\"></h4>\n</div>\n</div>\n</div>\n\n\n",
            "image": "https://localjobsalert.online/media/posts/109/JCI-Limited.jpg",
            "author": {
                "name": "Mahaveer Yadav"
            },
            "tags": [
            ],
            "date_published": "2022-03-25T09:32:25+05:30",
            "date_modified": "2022-03-25T18:32:58+05:30"
        },
        {
            "id": "https://localjobsalert.online/bel-challenge-engineer-recruitment-2022.html",
            "url": "https://localjobsalert.online/bel-challenge-engineer-recruitment-2022.html",
            "title": "BEL Challenge Engineer Recruitment 2022",
            "summary": "BEL Challenge Engineer Recruitment 2022 Bharat Electronics Restricted (BEL) has launched an Official Notification for the posts of 15 Challenge Engineer Emptiness on contract foundation for its Naval Techniques SBU, Bengaluru Advanced from BE/B.Tech cross candidates enthusiastic about freenaukarialert.on-line BEL Challenge Engineer Recruitment 2022 software&hellip;",
            "content_html": "<div>\n<h2>BEL Challenge Engineer Recruitment 2022</h2>\n<p class=\"entryh2\">Bharat Electronics Restricted (BEL) has launched an Official Notification for the posts of 15 Challenge Engineer Emptiness on contract foundation for its Naval Techniques SBU, Bengaluru Advanced from BE/B.Tech cross candidates enthusiastic about freenaukarialert.on-line BEL Challenge Engineer Recruitment 2022 software kind can apply earlier than 16 March 2022. Please undergo this text and observe every tables for full emptiness particulars, academic qualification, eligibility standards, pay scale, wage and The best way to apply BEL Challenge Engineer sarkari job opening at official web site https://www.bel-india.in</p>\n<p><hr/>\n<h3 style=\"text-align: center;\">BEL Challenge Engineer Recruitment 2022 : Essential Dates</h3>\n<table style=\"width: 100%;\">\n<tbody>\n<tr style=\"background-color: #0066cc;\">\n<td style=\"width: 99.0303%;\" colspan=\"2\"/></tr>\n<tr>\n<td style=\"width: 68.6061%;\"><strong>Final Date For Submission of Utility kind</strong></td>\n<td style=\"width: 30.4242%;\"><strong>23 March 2022</strong></td>\n</tr>\n</tbody>\n</table>\n<h3 style=\"text-align: center;\">BEL Challenge Engineer Emptiness 2022 Particulars</h3>\n<div style=\"overflow-x: auto;\">\n<table style=\"width: 100%;\">\n<tbody>\n<tr style=\"background-color: #0066cc;\">\n<td style=\"width: 42.8475%; height: 24px;\" colspan=\"2\"><span style=\"color: #ffffff;\"><strong>Submit Title</strong></span><span style=\"color: #ffffff;\"><strong><br/></strong></span></td>\n<td style=\"width: 26.3646%; height: 24px;\"><span style=\"color: #ffffff;\"><strong>No. of Emptiness</strong></span></td>\n<td style=\"width: 29.5757%; height: 24px;\"><span style=\"color: #ffffff;\"><strong>Pay Scale</strong></span></td>\n</tr>\n<tr style=\"height: 24px;\">\n<td style=\"width: 19.1122%; height: 34px;\" rowspan=\"2\"><strong><a rel=\"nofollow noopener\" href=\"https://www.sarkariresultnaukri.com/job-role/project-engineer/\" target=\"_blank\">Challenge Engineer</a>-I</strong><strong><br/></strong></td>\n<td style=\"width: 23.7353%; height: 24px;\">ECE</td>\n<td style=\"width: 26.3646%; height: 24px;\">10</td>\n<td style=\"width: 29.5757%; height: 34px;\" rowspan=\"2\">40,000/- (Per Month)</td>\n</tr>\n<tr style=\"height: 10px;\">\n<td style=\"width: 23.7353%; height: 10px;\">Mechanical</td>\n<td style=\"width: 26.3646%; height: 10px;\">05</td>\n</tr>\n<tr>\n<td style=\"width: 19.1122%;\" colspan=\"2\"><strong>Complete</strong></td>\n<td style=\"width: 26.3646%;\" colspan=\"2\"><strong>15</strong></td>\n</tr>\n</tbody>\n</table>\n</div>\n<h3 style=\"text-align: center;\">Class clever BEL Challenge Engineer Emptiness Particulars</h3>\n<div style=\"overflow-x: auto;\">\n<table style=\"width: 100%;\">\n<tbody>\n<tr style=\"background-color: #0066cc;\">\n<td style=\"width: 13.057%;\"><strong><span style=\"color: #ffffff;\">UR</span></strong></td>\n<td style=\"width: 12.6467%;\"><strong><span style=\"color: #ffffff;\">SC</span></strong></td>\n<td style=\"width: 12.0435%;\"><strong><span style=\"color: #ffffff;\">ST</span></strong></td>\n<td style=\"width: 11.0385%;\"><strong><span style=\"color: #ffffff;\">OBC</span></strong></td>\n<td style=\"width: 12.4456%;\"><strong><span style=\"color: #ffffff;\">EWS</span></strong></td>\n<td style=\"width: 13.6516%;\"><strong><span style=\"color: #ffffff;\">Complete</span></strong></td>\n</tr>\n<tr style=\"height: 24px;\">\n<td style=\"width: 13.057%;\">06</td>\n<td style=\"width: 12.6467%;\">01</td>\n<td style=\"width: 12.0435%;\">01</td>\n<td style=\"width: 11.0385%;\">04</td>\n<td style=\"width: 12.4456%;\">02</td>\n<td style=\"width: 13.6516%;\"><strong>15</strong></td>\n</tr>\n</tbody>\n</table>\n<p><center><b></b></center><hr/></div>\n<h3 style=\"text-align: center;\">BEL Challenge Engineer Eligibility Standards</h3>\n<div style=\"overflow-x: auto;\">\n<table style=\"width: 100%;\">\n<tbody>\n<tr style=\"background-color: #0066cc;\">\n<td style=\"width: 45.6139%; height: 24px;\"><span style=\"color: #ffffff;\"><strong>Instructional </strong><b>Qualification</b></span></td>\n<td style=\"width: 12.7273%; height: 24px;\"><span style=\"color: #ffffff;\"><strong>Age Restrict</strong></span></td>\n</tr>\n<tr style=\"height: 33px;\">\n<td style=\"height: 10px; width: 45.6139%;\">Full time <a rel=\"nofollow noopener\" href=\"https://www.sarkariresultnaukri.com/qualification/be-b-tech/\" target=\"_blank\">BE/ B.Tech</a> Engineering (4 years) course in Electronics/Electronics &amp; Communication/Communication/ Electronics &amp; Telecommunication/Telecommunication / Mechanical with 55% &amp; above for Normal / OBC / EWS candidates and Cross Class for SC/ST/PwBD Candidates &amp; Minimal 02 years of expertise.</td>\n<td style=\"width: 12.7273%; height: 10px;\">32 Years</td>\n</tr>\n<tr style=\"height: 24px;\">\n<td style=\"width: 58.3412%; text-align: center; height: 24px;\" colspan=\"2\"><strong>Age Calculate On 01.03.2022</strong></td>\n</tr>\n</tbody>\n</table>\n</div>\n<h3 style=\"text-align: center;\">BEL Challenge Engineer Utility Payment</h3>\n<table style=\"width: 100%;\">\n<tbody>\n<tr style=\"background-color: #0066cc;\">\n<td style=\"height: 24px; width: 32.4623%;\" colspan=\"3\"/></tr>\n<tr style=\"height: 24px;\">\n<td style=\"height: 10px; width: 32.4623%;\">For UR/OBC/EWS</td>\n<td style=\"width: 17.5879%;\">500/-</td>\n<td style=\"width: 49.1457%;\" rowspan=\"2\">Pay software charge via State Financial institution Gather.</td>\n</tr>\n<tr>\n<td style=\"width: 32.4623%;\">For SC/ST/PWD candidates</td>\n<td style=\"width: 17.5879%;\">No Payment</td>\n</tr>\n</tbody>\n</table>\n<h3 style=\"text-align: center;\">The best way to Apply BEL Challenge Engineer Emptiness 2022</h3>\n<table style=\"width: 100%;\">\n<tbody>\n<tr style=\"background-color: #0066cc;\"><td/></tr>\n<tr>\n<td> Candidates might apply this <a rel=\"nofollow\" href=\"https://www.sarkariresultnaukri.com/\">sarkari naukri</a> in prescribed software kind together with self-attested photocopies of the paperwork ship by Velocity Submit to Sr. Dy. Normal Supervisor (HR), Naval Techniques SBU, Bharat Electronics Restricted, Jalahalli Submit, Bangalore – 560013, Karnataka State on or earlier than 23.03.2022.\n<ul>\n<li><strong>Advt. No. :</strong> 383/PE/HR/NS1/2021-22</li>\n<li><strong>Job Loca</strong><b>tion : </b>Bengaluru (<a rel=\"nofollow noopener\" href=\"https://www.sarkariresultnaukri.com/states/jobs-in-karnataka/\" target=\"_blank\">Karnataka</a>)</li>\n<li><strong>BEL Challenge Engineer Choice Course of : </strong>Choice will probably be based mostly on Proportion of marks obtained related Qualification, Work Expertise &amp; Interview.</li>\n</ul>\n</td>\n</tr>\n</tbody>\n</table>\n<p><center><b></b></center><hr/>\n<h3 style=\"text-align: center;\">BEL Challenge Engineer Recruitment 2022 : Essential Hyperlinks</h3>\n<div class=\"wp-subscribe-single wp-subscribe-after-content\">\n<div class=\"wp-subscribe no-name-field\" id=\"wp-subscribe\" style=\"background: #1e73be;\">\n<h4 class=\"title\" style=\"color: #2a2f2d;\"></h4>\n</div>\n</div>\n</div>\n\n\n",
            "image": "https://localjobsalert.online/media/posts/108/bel.jpg",
            "author": {
                "name": "Mahaveer Yadav"
            },
            "tags": [
            ],
            "date_published": "2022-03-25T09:32:20+05:30",
            "date_modified": "2022-03-25T18:32:58+05:30"
        },
        {
            "id": "https://localjobsalert.online/becil-nursing-tutor-recruitment-2022-becil-02-nursing-tutor-emptiness.html",
            "url": "https://localjobsalert.online/becil-nursing-tutor-recruitment-2022-becil-02-nursing-tutor-emptiness.html",
            "title": "BECIL Nursing Tutor Recruitment 2022 – BECIL 02 Nursing Tutor Emptiness",
            "summary": "BECIL Nursing Tutor Recruitment 2022 Broadcast Engineering Consultants India Restricted (BECIL) has launched an Official Notification for the posts of 02 Nursing Tutor Emptiness on contract foundation for deployment within the workplace of East Delhi Municipal Company (EDMC) from GNM, B.Sc. (Nursing) go candidates taken&hellip;",
            "content_html": "<div>\n<h2>BECIL Nursing Tutor Recruitment 2022</h2>\n<p class=\"entryh2\">Broadcast Engineering Consultants India Restricted (BECIL) has launched an Official Notification for the posts of 02 Nursing Tutor Emptiness on contract foundation for deployment within the workplace of East Delhi Municipal Company (EDMC) from GNM, B.Sc. (Nursing) go candidates taken with freenaukarialert.on-line BECIL Nursing Tutor Recruitment 2022 on-line software type can apply earlier than 22 March 2022. Please undergo this text and observe every tables for full emptiness particulars, academic qualification, eligibility standards, pay scale, wage and The right way to apply BECIL Nursing Tutor sarkari job opening at official web site https://www.becil.com</p>\n<p><hr/>\n<h3 style=\"text-align: center;\">BECIL Nursing Tutor Recruitment 2022 : Necessary Dates</h3>\n<table style=\"width: 100%;\">\n<tbody>\n<tr style=\"background-color: #0066cc;\">\n<td style=\"width: 99.0303%;\" colspan=\"2\"/></tr>\n<tr>\n<td style=\"width: 67.3939%;\"><strong>Final Date For Submission of On-line Software</strong></td>\n<td style=\"width: 31.6364%;\"><strong>22 March 2022</strong></td>\n</tr>\n</tbody>\n</table>\n<h3 style=\"text-align: center;\">BECIL Nursing Tutor Emptiness 2022 Particulars</h3>\n<table style=\"width: 100%;\">\n<tbody>\n<tr style=\"background-color: #0066cc;\">\n<td style=\"width: 43.4552%; height: 24px;\"><span style=\"color: #ffffff;\"><strong>Publish Title</strong></span></td>\n<td style=\"width: 27.1839%; height: 24px;\"><span style=\"color: #ffffff;\"><strong>No. of Emptiness</strong></span></td>\n<td style=\"width: 28.1488%; height: 24px;\"><span style=\"color: #ffffff;\"><strong>Pay Scale</strong></span></td>\n</tr>\n<tr style=\"height: 24px;\">\n<td style=\"width: 43.4552%; height: 24px;\"><strong>Nursing Tutor</strong></td>\n<td style=\"width: 27.1839%; height: 24px;\">02</td>\n<td style=\"height: 24px; width: 28.1488%;\">38000/-</td>\n</tr>\n</tbody>\n</table>\n<h3 style=\"text-align: center;\">BECIL Nursing Tutor Eligibility Standards</h3>\n<div style=\"overflow-x: auto;\">\n<table style=\"width: 100%;\">\n<tbody>\n<tr style=\"background-color: #0066cc;\">\n<td style=\"width: 44.4017%; height: 24px;\"><span style=\"color: #ffffff;\"><strong>Instructional </strong><b>Qualification</b></span></td>\n<td style=\"width: 8.84855%; text-align: center; height: 24px;\"><span style=\"color: #ffffff;\"><strong>Age Restrict</strong></span></td>\n</tr>\n<tr style=\"height: 24px;\">\n<td style=\"width: 44.4017%; height: 10px;\">‘A’ Grade Nurse and Midwife from a acknowledged Institute and registered as such with Nursing Council of India and Diploma in Nursing Administration/Sister Tutor’s Course and 5 yr’s sensible expertise OR B.Sc. in Nursing and 5 yr’s sensible expertise.</td>\n<td style=\"text-align: center; height: 10px; width: 8.84855%;\">As per BECIL guidelines</td>\n</tr>\n</tbody>\n</table>\n</div>\n<h3 style=\"text-align: center;\">BECIL Nursing Tutor Software Charge</h3>\n<div style=\"overflow-x: auto;\">\n<table style=\"width: 100%;\">\n<tbody>\n<tr style=\"background-color: #0066cc;\">\n<td style=\"height: 10px; width: 99.4956%;\" colspan=\"5\"/></tr>\n<tr style=\"height: 24px;\">\n<td style=\"height: 25px; width: 40.5791%;\" colspan=\"3\">For Normal/OBC/Girls/Ex-Serviceman Candidates</td>\n<td style=\"width: 20.977%;\">750/-</td>\n<td style=\"width: 37.9394%; height: 25px;\" rowspan=\"2\">Pay software charge by way of Web banking/ Debit card/Bank card and many others.</td>\n</tr>\n<tr style=\"height: 24px;\">\n<td style=\"width: 40.5791%; height: 24px;\" colspan=\"3\">For SC/ST/EWS/PH Candidates</td>\n<td style=\"width: 20.977%;\">450/-</td>\n</tr>\n</tbody>\n</table>\n</div>\n<h3 style=\"text-align: center;\">The right way to Apply BECIL Nursing Tutor Emptiness 2022</h3>\n<table style=\"width: 100%;\">\n<tbody>\n<tr style=\"background-color: #0066cc;\"><td/></tr>\n<tr>\n<td> candidates could apply this sarkari naukri</a> On-line by way of the web site <a rel=\"nofollow noopener\" href=\"https://www.becil.com/\" target=\"_blank\">https://www.becil.com</a> on or earlier than 22.03.2022.\n<ul>\n<li><strong>Advt. No. :</strong> 2022/124</li>\n<li><strong>Job Loca</strong><strong>tion : </strong><a rel=\"nofollow noopener\" href=\"https://www.sarkariresultnaukri.com/states/jobs-in-delhi/\" target=\"_blank\">Delhi</a></li>\n<li><strong>BECIL Nursing Tutor Choice Course of : </strong>Choice can be based mostly on as Prescribed norms &amp; Job requirement.</li>\n</ul>\n</td>\n</tr>\n</tbody>\n</table>\n<p><center><b></b></center><hr/>\n<h3 style=\"text-align: center;\">BECIL Nursing Tutor Recruitment 2022 : Necessary Hyperlinks</h3>\n<div class=\"wp-subscribe-single wp-subscribe-after-content\">\n<div class=\"wp-subscribe no-name-field\" id=\"wp-subscribe\" style=\"background: #1e73be;\">\n<h4 class=\"title\" style=\"color: #2a2f2d;\"></h4>\n</div>\n</div>\n</div>\n\n\n",
            "image": "https://localjobsalert.online/media/posts/107/BECIL.jpg",
            "author": {
                "name": "Mahaveer Yadav"
            },
            "tags": [
            ],
            "date_published": "2022-03-25T09:32:16+05:30",
            "date_modified": "2022-03-25T18:32:58+05:30"
        },
        {
            "id": "https://localjobsalert.online/patna-excessive-court-docket-district-decide-recruitment-2021.html",
            "url": "https://localjobsalert.online/patna-excessive-court-docket-district-decide-recruitment-2021.html",
            "title": "Patna Excessive Court docket District Decide Recruitment 2021",
            "summary": "Patna Excessive Court docket District Decide Recruitment 2021 Patna Excessive Court docket has launched an Official Notification for the posts of 18 District Decide (Entry Degree) from LLB go candidates considering sarkari end result Patna Excessive Court docket District Decide Recruitment 2021 On-line software can&hellip;",
            "content_html": "<div>\n<h2>Patna Excessive Court docket District Decide Recruitment 2021</h2>\n<p>Patna Excessive Court docket has launched an Official Notification for the posts of 18 District Decide (Entry Degree) from LLB go candidates considering sarkari end result</a> Patna Excessive Court docket District Decide Recruitment 2021 On-line software can apply earlier than 27 December 2021. Please undergo this text and comply with every tables for full emptiness particulars, academic qualification, eligibility standards, pay scale, wage and How one can apply Patna Excessive Court docket District Decide sarkari job opening at official web site http://patnahighcourt.gov.in/ <span style=\"color: #ff0000;\"><strong>(Go to Essential Hyperlink Part for Patna Excessive Court docket District Decide Pre Examination Reply Key Obtain)</strong></span></p>\n<p><hr/>\n<h3 style=\"text-align: center;\">Patna Excessive Court docket District Decide Recruitment 2021 : Essential Dates</h3>\n<table style=\"width: 100%;\">\n<tbody>\n<tr style=\"background-color: #0066cc;\">\n<td style=\"height: 10px; width: 99.6587%;\" colspan=\"2\"/></tr>\n<tr style=\"height: 24px;\">\n<td style=\"width: 54.6075%; height: 24px;\"><strong>Beginning Date for Submission of On-line Utility</strong></td>\n<td style=\"width: 45.0512%; height: 24px; text-align: center;\"><strong>22 December 2021</strong></td>\n</tr>\n<tr style=\"height: 21px;\">\n<td style=\"width: 54.6075%; height: 21px;\"><strong>Final Date for Submission of On-line Utility </strong></td>\n<td style=\"width: 45.0512%; height: 21px; text-align: center;\"><strong>20 January 2022</strong></td>\n</tr>\n<tr>\n<td style=\"width: 54.6075%;\"><strong>Final Date for add Picture</strong></td>\n<td style=\"width: 45.0512%; text-align: center;\"><strong>27 January 2022</strong></td>\n</tr>\n</tbody>\n</table>\n<h3 style=\"text-align: center;\">Patna Excessive Court docket District Decide Emptiness 2021 Particulars<strong><br/></strong></h3>\n<table style=\"width: 100%;\">\n<tbody>\n<tr style=\"background-color: #0066cc; height: 21px;\">\n<td style=\"width: 23.727%; height: 21px; text-align: center;\"><strong><span style=\"color: #ffffff;\"> Submit Identify</span></strong></td>\n<td style=\"width: 10.8903%; height: 21px; text-align: center;\"><span style=\"color: #ffffff;\"><strong>No Of Emptiness</strong></span></td>\n<td style=\"width: 15.0617%; height: 21px; text-align: center;\"><span style=\"color: #ffffff;\"><strong>Pay Scale</strong></span></td>\n</tr>\n<tr style=\"height: 21px;\">\n<td style=\"width: 23.727%; height: 10px; text-align: center;\"><strong>District Decide (Entry Degree) Direct From Bar Examination-2021</strong></td>\n<td style=\"width: 10.8903%; height: 10px; text-align: center;\">18</td>\n<td style=\"height: 10px; text-align: center; width: 15.0617%;\">51550 – 63070/-</td>\n</tr>\n</tbody>\n</table>\n<p><center><b></b></center><hr/>\n<h3 style=\"text-align: center;\">Patna Excessive Court docket District Decide Eligibility Standards</h3>\n<table style=\"width: 100%;\">\n<thead>\n<tr style=\"height: 31px; background-color: #0066cc;\">\n<th style=\"width: 35.0447%; height: 31px; text-align: center;\"><span style=\"color: #ffffff;\"><strong>Academic Qualification</strong></span></th>\n<th style=\"width: 16.3516%; height: 31px; text-align: center;\"><span style=\"color: #ffffff;\"><strong>Age Restrict</strong></span></th>\n</tr>\n</thead>\n<tbody>\n<tr style=\"height: 21px;\">\n<td style=\"width: 35.0447%; height: 10px;\">Bachelor Diploma in Legislation and Minimal 7 Yr Advocate Apply.</td>\n<td style=\"height: 10px; width: 16.3516%; text-align: center;\">35 to 50 years</td>\n</tr>\n<tr style=\"height: 24px;\">\n<td style=\"width: 51.3963%; text-align: center; height: 24px;\" colspan=\"2\"><strong>Age Calculate on 01.01.2021</strong></td>\n</tr>\n</tbody>\n</table>\n<h3 style=\"text-align: center;\">Patna Excessive Court docket District Decide Utility Charge</h3>\n<table style=\"width: 100%; border-collapse: collapse;\">\n<tbody>\n<tr style=\"background-color: #0066cc;\">\n<td style=\"height: 21px; width: 98.4243%;\" colspan=\"5\"/></tr>\n<tr style=\"height: 10px;\">\n<td style=\"height: 10px; width: 39.7576%;\" colspan=\"3\"><strong>For Gen / OBC </strong></td>\n<td style=\"width: 15.0303%; text-align: center;\">1000/-</td>\n<td style=\"width: 43.6364%;\" rowspan=\"2\">Pay Examination charge by Debit Card, Credit score Card, Web Banking</td>\n</tr>\n<tr>\n<td style=\"width: 39.7576%;\" colspan=\"3\"><strong>For SC / ST / PH</strong></td>\n<td style=\"width: 15.0303%; text-align: center;\">500/-</td>\n</tr>\n</tbody>\n</table>\n<h3 style=\"text-align: center;\">How one can Apply Patna Excessive Court docket District Decide Emptiness 2021</h3>\n<table>\n<tbody>\n<tr style=\"background-color: #0066cc;\">\n<td style=\"width: 100%;\"/></tr>\n<tr>\n<td style=\"width: 100%;\"> candidates could apply this sarkari naukri</a> On-line by the web site <a rel=\"nofollow noopener\" href=\"http://patnahighcourt.gov.in/\" target=\"_blank\">http://patnahighcourt.gov.in/</a> type 22.12.2021 to twenty.01.2022.\n<ul>\n<li><strong>Advt. No. :</strong> BSJS/1/2021</li>\n<li><strong>Job Location : </strong>Patna (<a rel=\"nofollow noopener\" href=\"http://www.sarkarinaukrisarch.in/states/jobs-in-bihar/\" target=\"_blank\">Bihar</a>)</li>\n<li><strong>Patna Excessive Court docket District Decide Choice Course of : </strong>Choice will probably be based mostly on Written Examination &amp; Interview.</li>\n</ul>\n</td>\n</tr>\n</tbody>\n</table>\n<p><center><b></b></center><hr/>\n<h3 style=\"text-align: center;\">Patna Excessive Court docket District Decide Recruitment 2021 : Essential Hyperlinks</h3>\n<div class=\"wp-subscribe-single wp-subscribe-after-content\">\n<div class=\"wp-subscribe no-name-field\" id=\"wp-subscribe\" style=\"background: #1e73be;\">\n<h4 class=\"title\" style=\"color: #2a2f2d;\"></h4>\n</div>\n</div>\n</div>\n\n\n",
            "image": "https://localjobsalert.online/media/posts/106/High-Court-Patna.jpg",
            "author": {
                "name": "Mahaveer Yadav"
            },
            "tags": [
            ],
            "date_published": "2022-03-25T09:32:11+05:30",
            "date_modified": "2022-03-25T18:32:58+05:30"
        },
        {
            "id": "https://localjobsalert.online/cgvyapam-agdo-recruitment-2022-56-assistant-and-deo-emptiness.html",
            "url": "https://localjobsalert.online/cgvyapam-agdo-recruitment-2022-56-assistant-and-deo-emptiness.html",
            "title": "CGVYAPAM AGDO Recruitment 2022 - 56 Assistant &amp; DEO Emptiness",
            "summary": "CGVYAPAM AGDO Recruitment 2022 Chattisgath Skilled Examination Board (CGVYAPAM) has launched an Official Notification for the posts of 56 Assistant &amp; Information Entry Operator Emptiness from twelfth move candidates eager about freenaukarialert.on-line CGVYAPAM Assistant &amp; DEO Recruitment 2022 On-line utility can apply earlier than 03&hellip;",
            "content_html": "<div>\n<h2>CGVYAPAM AGDO Recruitment 2022</h2>\n<p>Chattisgath Skilled Examination Board (CGVYAPAM) has launched an Official Notification for the posts of 56 Assistant &amp; Information Entry Operator Emptiness from twelfth move candidates eager about freenaukarialert.on-line CGVYAPAM Assistant &amp; DEO Recruitment 2022 On-line utility can apply earlier than 03 April 2022. Please undergo this text and observe every tables for full emptiness particulars, academic qualification, eligibility standards, pay scale, wage and How you can apply CGVYAPAM Assistant &amp; DEO sarkari job opening at official web site https://vyapam.cgstate.gov.in/</p>\n<p><hr/>\n<h3 style=\"text-align: center;\">CGVYAPAM Assistant &amp; DEO Recruitment 2022 : Vital Dates</h3>\n<table style=\"width: 100%;\">\n<tbody>\n<tr style=\"background-color: #0066cc;\">\n<td style=\"width: 59.5603%;\" colspan=\"2\"/></tr>\n<tr>\n<td style=\"width: 59.5603%;\"><strong>Beginning Date for Submission of On-line Software</strong></td>\n<td style=\"width: 38.7116%;\"><strong>09 March 2022</strong></td>\n</tr>\n<tr>\n<td style=\"width: 59.5603%;\"><strong>Final Date for Submission of On-line Software</strong></td>\n<td style=\"width: 38.7116%;\"><strong>03 April 2022</strong></td>\n</tr>\n<tr>\n<td style=\"width: 59.5603%;\"><strong>Final Date for Cost of Price</strong></td>\n<td style=\"width: 38.7116%;\"><strong>03 April 2022</strong></td>\n</tr>\n<tr>\n<td style=\"width: 59.5603%;\"><strong>Correction Date of On-line Software</strong></td>\n<td style=\"width: 38.7116%;\"><strong>04 to 06 April 2022</strong></td>\n</tr>\n<tr>\n<td style=\"width: 59.5603%;\"><strong>CGVYAPAM AGDO Examination Date</strong></td>\n<td style=\"width: 38.7116%;\"><strong>24 April 2022</strong></td>\n</tr>\n</tbody>\n</table>\n<h3 style=\"text-align: center;\">CGVYAPAM Assistant &amp; DEO Emptiness 2022 Particulars</h3>\n<table style=\"width: 100%;\">\n<tbody>\n<tr style=\"background-color: #0066cc; height: 21px;\">\n<td style=\"width: 12.2878%; height: 21px; text-align: center;\"><strong><span style=\"color: #ffffff;\">Submit Identify</span></strong></td>\n<td style=\"width: 6.1439%; text-align: center;\"><strong><span style=\"color: #ffffff;\">No. of Emptiness</span></strong></td>\n<td style=\"width: 6.1439%; text-align: center;\"><strong><span style=\"color: #ffffff;\">Pay Scale</span></strong></td>\n</tr>\n<tr>\n<td style=\"width: 12.2878%; text-align: center;\"><strong>Assistant (Grade-3)</strong></td>\n<td style=\"width: 6.1439%; text-align: center;\">42</td>\n<td style=\"width: 6.1439%; text-align: center;\">Stage -4</td>\n</tr>\n<tr>\n<td style=\"width: 12.2878%; text-align: center;\"><strong>Information Entry Operator (DEO)</strong></td>\n<td style=\"width: 6.1439%; text-align: center;\">14</td>\n<td style=\"width: 6.1439%; text-align: center;\">Stage -6</td>\n</tr>\n<tr>\n<td style=\"width: 12.2878%; text-align: center;\"><strong>Complete</strong></td>\n<td style=\"width: 6.1439%; text-align: center;\" colspan=\"2\"><strong>56</strong></td>\n</tr>\n</tbody>\n</table>\n<h3 style=\"text-align: center;\">CGVYAPAM Assistant &amp; DEO Eligibility Standards</h3>\n<div style=\"overflow-x: auto;\">\n<table style=\"width: 100%;\">\n<thead>\n<tr style=\"background-color: #0066cc;\">\n<th style=\"width: 11.9209%; text-align: center;\"><span style=\"color: #ffffff;\"><strong>Submit Identify</strong></span></th>\n<th style=\"width: 43.9209%; height: 21px; text-align: center;\"><span style=\"color: #ffffff;\"><strong>Instructional Qualification</strong></span></th>\n<th style=\"width: 12.9602%; height: 21px; text-align: center;\"><span style=\"color: #ffffff;\"><strong>Age Restrict </strong></span></th>\n</tr>\n</thead>\n<tbody>\n<tr style=\"height: 21px;\">\n<td style=\"width: 11.9209%;\">Assistant</td>\n<td style=\"width: 43.9209%; height: 10px;\">twelfth move kind acknowledged Board with One 12 months Diploma in Information Entry Operator Programming and 5000 Key Despair per Hour in Hindi on Pc.</td>\n<td style=\"height: 10px; width: 12.9602%;\" rowspan=\"2\">18 to 35 years</td>\n</tr>\n<tr>\n<td style=\"width: 11.9209%;\">DEO</td>\n<td style=\"width: 43.9209%;\">twelfth move kind acknowledged Board OR tenth move with 3 yr Diploma and One 12 months Diploma in Information Entry Operator Programming and 8000 Key Despair per Hour in Hindi and English on Pc.</td>\n</tr>\n<tr>\n<td style=\"width: 11.9209%; text-align: center;\" colspan=\"3\"><strong>Age Calculate on 01.01.2022</strong></td>\n</tr>\n</tbody>\n</table>\n</div>\n<h3 style=\"text-align: center;\">CGVYAPAM Assistant &amp; DEO Software Price</h3>\n<table style=\"width: 100%;\">\n<tbody>\n<tr style=\"background-color: #0066cc;\">\n<td style=\"width: 30.2048%; height: 21px; text-align: center;\" colspan=\"3\"/></tr>\n<tr style=\"height: 10px;\">\n<td style=\"width: 30.2048%; height: 10px;\"><strong>For Gen</strong></td>\n<td style=\"width: 31.1682%; height: 10px;\">Rs. 350/-</td>\n<td style=\"width: 38.627%; height: 31px;\" rowspan=\"3\">Pay the Examination Price by Debit Card, Credit score Card, Internet Banking.</td>\n</tr>\n<tr>\n<td style=\"width: 30.2048%;\"><strong>For OBC</strong></td>\n<td style=\"width: 31.1682%;\">Rs. 250/-</td>\n</tr>\n<tr>\n<td style=\"width: 30.2048%;\"><strong>For SC/ ST/ PH</strong></td>\n<td style=\"width: 31.1682%;\">Rs. 200/-</td>\n</tr>\n</tbody>\n</table>\n<h3 style=\"text-align: center;\">How you can Apply CGVYAPAM Assistant &amp; DEO Emptiness 2022</h3>\n<table>\n<tbody>\n<tr style=\"background-color: #0066cc;\">\n<td style=\"text-align: center;\"/></tr>\n<tr>\n<td> candidates might apply this <a rel=\"nofollow\" href=\"https://www.sarkariresultnaukri.com/\">sarkari naukri</a> on-line by <em>CG Vyapam’s</em> web site http://cgvyapam.selection.gov.in/ from 09.03.2022 to 03.04.2022.\n<ul>\n<li><strong>Job Location : </strong> <a rel=\"nofollow noopener\" href=\"http://www.sarkarinaukrisarch.in/states/jobs-in-chhattisgarh/\" target=\"_blank\">Chhattisgarh</a></li>\n<li><strong>CGVYAPAM Assistant &amp; DEO Choice Course of : </strong>Choice might be primarily based on Written Examination.<strong><br/></strong></li>\n</ul>\n</td>\n</tr>\n</tbody>\n</table>\n<p><center><b></b></center><hr/>\n<h3 style=\"text-align: center;\">CGVYAPAM Assistant &amp; DEO Recruitment 2022 : Vital Hyperlinks</h3>\n<div class=\"wp-subscribe-single wp-subscribe-after-content\">\n<div class=\"wp-subscribe no-name-field\" id=\"wp-subscribe\" style=\"background: #1e73be;\">\n<h4 class=\"title\" style=\"color: #2a2f2d;\"></h4>\n</div>\n</div>\n</div>\n\n\n",
            "image": "https://localjobsalert.online/media/posts/105/cgpeb.jpg",
            "author": {
                "name": "Mahaveer Yadav"
            },
            "tags": [
            ],
            "date_published": "2022-03-25T09:32:07+05:30",
            "date_modified": "2022-03-25T18:32:58+05:30"
        },
        {
            "id": "https://localjobsalert.online/pnb-peon-recruitment-2022-punjab-nationwide-financial-institution-16-peons-emptiness.html",
            "url": "https://localjobsalert.online/pnb-peon-recruitment-2022-punjab-nationwide-financial-institution-16-peons-emptiness.html",
            "title": "PNB Peon Recruitment 2022 - Punjab Nationwide Financial institution 16 Peons Emptiness",
            "summary": "Punjab Nationwide Financial institution Peon Recruitment 2022 Punjab Nationwide Financial institution (PNB) Kolkata West circle has launched an Official Notification for the posts of 16 Peons Emptiness in subordinate cadre from twelfth cross candidates focused on freenaukarialert.on-line PNB Peon Recruitment 2022 software type can apply&hellip;",
            "content_html": "<div>\n<h2>Punjab Nationwide Financial institution Peon Recruitment 2022</h2>\n<p class=\"entryh2\">Punjab Nationwide Financial institution (PNB) Kolkata West circle has launched an Official Notification for the posts of 16 Peons Emptiness in subordinate cadre from twelfth cross candidates focused on freenaukarialert.on-line PNB Peon Recruitment 2022 software type can apply earlier than 23 March 2022. Please undergo this text and comply with every tables for full emptiness particulars, academic qualification, eligibility standards, pay scale, wage and Learn how to apply Punjab Nationwide Financial institution Peon sarkari job opening at official web site https://www.pnbindia.in</p>\n<p><hr/>\n<h3 style=\"text-align: center;\">Punjab Nationwide Financial institution Peon Recruitment 2022 : Essential Dates</h3>\n<table style=\"width: 100%; height: 48px;\">\n<tbody>\n<tr style=\"background-color: #0066cc;\">\n<td style=\"width: 99.0303%; height: 24px;\" colspan=\"2\"/></tr>\n<tr style=\"height: 24px;\">\n<td style=\"width: 67.6364%; height: 24px;\"><strong>Final Date For Submission of Utility Kind</strong></td>\n<td style=\"width: 31.3939%; height: 24px;\"><strong>23 March 2022</strong></td>\n</tr>\n</tbody>\n</table>\n<h3 style=\"text-align: center;\">PNB Peon Emptiness 2022 Particulars</h3>\n<table style=\"width: 100%; height: 82px;\">\n<tbody>\n<tr style=\"background-color: #0066cc;\">\n<td style=\"width: 47.0303%; height: 24px;\"><span style=\"color: #ffffff;\"><strong>Submit Identify</strong></span></td>\n<td style=\"width: 23.6364%; height: 24px;\"><span style=\"color: #ffffff;\"><strong>No. of Emptiness</strong></span></td>\n<td style=\"width: 28.1213%; height: 24px;\"><span style=\"color: #ffffff;\"><strong>Pay Scale</strong></span></td>\n</tr>\n<tr style=\"height: 24px;\">\n<td style=\"width: 47.0303%; height: 10px;\"><strong>Peon (Circle Workplace Howrah)</strong></td>\n<td style=\"width: 23.6364%; height: 10px;\">08</td>\n<td style=\"width: 28.1213%; height: 34px;\" rowspan=\"2\">14500 – 28145/-</td>\n</tr>\n<tr style=\"height: 24px;\">\n<td style=\"width: 47.0303%; height: 24px;\"><strong>Peon (Circle Workplace Kolkata)</strong></td>\n<td style=\"width: 23.6364%; height: 24px;\">08</td>\n</tr>\n<tr style=\"height: 24px;\">\n<td style=\"width: 47.0303%; height: 24px;\"><strong>Complete</strong></td>\n<td style=\"width: 23.6364%; height: 24px;\" colspan=\"2\"><strong>16</strong></td>\n</tr>\n</tbody>\n</table>\n<p><center><b></b></center><hr/>\n<h3 style=\"text-align: center;\">Punjab Nationwide Financial institution Peon Eligibility Standards</h3>\n<div style=\"overflow-x: auto;\">\n<table style=\"width: 100%;\">\n<tbody>\n<tr style=\"background-color: #0066cc;\">\n<td style=\"width: 50.9697%; height: 24px;\"><span style=\"color: #ffffff;\"><strong>Instructional </strong><b>Qualification</b></span></td>\n<td style=\"width: 8.48482%; text-align: left; height: 24px;\"><span style=\"color: #ffffff;\"><strong>Age Restrict</strong></span></td>\n</tr>\n<tr style=\"height: 48px;\">\n<td style=\"width: 50.9697%; height: 48px;\">Go in twelfth normal or its equal with primary studying/writing data of English</td>\n<td style=\"width: 8.48482%; height: 48px; text-align: center;\">18 to 24 years</td>\n</tr>\n<tr style=\"height: 24px;\">\n<td style=\"width: 59.4545%; text-align: center; height: 24px;\" colspan=\"2\"><strong>Age Calculate On 01.01.2022</strong></td>\n</tr>\n</tbody>\n</table>\n</div>\n<h3 style=\"text-align: center;\">Punjab Nationwide Financial institution Peon Utility Payment</h3>\n<table style=\"width: 100%;\">\n<tbody>\n<tr style=\"background-color: #0066cc;\">\n<td style=\"width: 1.21212%;\" colspan=\"3\"/></tr>\n<tr>\n<td style=\"width: 1.21212%;\" colspan=\"3\">There Is No Utility Payment</td>\n</tr>\n</tbody>\n</table>\n<h3 style=\"text-align: center;\">Learn how to Apply PNB Peon Emptiness 2022</h3>\n<table style=\"width: 100%;\">\n<tbody>\n<tr style=\"background-color: #0066cc;\"><td/></tr>\n<tr>\n<td> Candidates might apply this <a rel=\"nofollow\" href=\"https://www.sarkariresultnaukri.com/\">sarkari naukri</a> in prescribed Utility type together with self attested all related paperwork ship by Velocity Submit/Registered Submit to The Chief Supervisor, HRD division, Punjab Nationwide Financial institution, Human Useful resource Division, Circle Workplace Kolkata West United Tower third Ground, 11, Hemant Basu Sarani, Kolkata – 700001. on or earlier than 23.03.2022.\n<ul>\n<li><strong>Job Loca</strong><strong>tion : </strong>Kolkata (<a rel=\"nofollow noopener\" href=\"https://www.sarkariresultnaukri.com/states/jobs-in-west-bengal/\" target=\"_blank\">West Bengal</a>)</li>\n<li><strong>Choice Course of : </strong>Choice can be based mostly on share of marks obtained by the candidates in tenth normal and twelfth normal.</li>\n</ul>\n</td>\n</tr>\n</tbody>\n</table>\n<p><center><b></b></center><hr/>\n<h3 style=\"text-align: center;\">Punjab Nationwide Financial institution Peon Recruitment 2022 : Essential Hyperlinks</h3>\n<div class=\"wp-subscribe-single wp-subscribe-after-content\">\n<div class=\"wp-subscribe no-name-field\" id=\"wp-subscribe\" style=\"background: #1e73be;\">\n<h4 class=\"title\" style=\"color: #2a2f2d;\"></h4>\n</div>\n</div>\n</div>\n\n\n",
            "image": "https://localjobsalert.online/media/posts/104/PNB.png",
            "author": {
                "name": "Mahaveer Yadav"
            },
            "tags": [
            ],
            "date_published": "2022-03-25T09:32:03+05:30",
            "date_modified": "2022-03-25T18:32:58+05:30"
        },
        {
            "id": "https://localjobsalert.online/bhel-welder-recruitment-2022-bhel-75-welder-emptiness.html",
            "url": "https://localjobsalert.online/bhel-welder-recruitment-2022-bhel-75-welder-emptiness.html",
            "title": "BHEL Welder Recruitment 2022 - BHEL 75 Welder Emptiness",
            "summary": "BHEL Welder Recruitment 2022 Bharat Heavy Electrical Restricted (BHEL) has launched an Official Notification for the posts of 75 Welder Emptiness from ITI Cross candidates fascinated with freenaukarialert.on-line BHEL Welder Recruitment On-line utility can apply earlier than 14 March 2022. Please undergo this text and&hellip;",
            "content_html": "<div>\n<h2>BHEL Welder Recruitment 2022</h2>\n<p>Bharat Heavy Electrical Restricted (BHEL) has launched an Official Notification for the posts of 75 Welder Emptiness from ITI Cross candidates fascinated with freenaukarialert.on-line BHEL Welder Recruitment On-line utility can apply earlier than 14 March 2022. Please undergo this text and comply with every tables for full emptiness particulars, academic qualification, eligibility standards, pay scale, wage and Find out how to apply BHEL Welder sarkari job opening at official web site https://www.bhel.com.</p>\n<p><hr/>\n<h3 style=\"text-align: center;\"> BHEL Welder Recruitment 2022 : Vital Dates</h3>\n<table style=\"width: 100%;\">\n<tbody>\n<tr style=\"background-color: #0066cc;\">\n<td style=\"height: 10px; width: 99.6587%;\" colspan=\"2\"/></tr>\n<tr style=\"height: 24px;\">\n<td style=\"width: 73.1513%; height: 24px;\"><strong>Beginning Date for Submission of On-line Software</strong></td>\n<td style=\"width: 26.5074%; height: 24px;\"><strong>01 February 2022</strong></td>\n</tr>\n<tr style=\"height: 24px;\">\n<td style=\"width: 73.1513%; height: 24px;\"><strong>Final Date for Submission of On-line Software</strong></td>\n<td style=\"width: 26.5074%; height: 24px;\"><b>14 March 2022</b></td>\n</tr>\n<tr>\n<td style=\"width: 73.1513%;\"><b>Final Date for Submission of Exhausting Copy of On-line Software</b></td>\n<td style=\"width: 26.5074%;\"><strong>17 March<b> 2022</b></strong></td>\n</tr>\n</tbody>\n</table>\n<h3 style=\"text-align: center;\"><strong>BHEL Welder Emptiness 2022 Particulars<br/></strong></h3>\n<table style=\"width: 100%;\">\n<tbody>\n<tr style=\"background-color: #0066cc; height: 21px;\">\n<td style=\"width: 23.528%; height: 21px; text-align: left;\"><strong><span style=\"color: #ffffff;\"> Put up Identify</span></strong></td>\n<td style=\"width: 15.6954%; height: 21px; text-align: left;\"><span style=\"color: #ffffff;\"><strong>No Of  Posts</strong></span></td>\n<td style=\"width: 20.9112%; height: 21px; text-align: left;\"><span style=\"color: #ffffff;\"><strong>Pay Scale</strong></span></td>\n</tr>\n<tr>\n<td style=\"width: 23.528%; text-align: left;\"><strong>Welder</strong></td>\n<td style=\"width: 15.6954%; text-align: left;\">75</td>\n<td style=\"width: 20.9112%; text-align: left;\">37,500/- Per Month</td>\n</tr>\n</tbody>\n</table>\n<h3 style=\"text-align: center;\">Class sensible BHEL Welder Emptiness Particulars</h3>\n<table style=\"width: 100%; border-collapse: collapse;\">\n<tbody>\n<tr style=\"background-color: #0066cc;\">\n<td style=\"width: 16.6667%;\"><strong><span style=\"color: #ffffff;\">UR</span></strong></td>\n<td style=\"width: 16.6667%;\"><strong><span style=\"color: #ffffff;\">SC</span></strong></td>\n<td style=\"width: 16.6667%;\"><strong><span style=\"color: #ffffff;\">ST</span></strong></td>\n<td style=\"width: 16.6667%;\"><strong><span style=\"color: #ffffff;\">OBC</span></strong></td>\n<td style=\"width: 16.6667%;\"><strong><span style=\"color: #ffffff;\">EWS</span></strong></td>\n<td style=\"width: 16.6667%;\"><strong><span style=\"color: #ffffff;\">Whole</span></strong></td>\n</tr>\n<tr>\n<td style=\"width: 16.6667%;\">37</td>\n<td style=\"width: 16.6667%;\">11</td>\n<td style=\"width: 16.6667%;\">03</td>\n<td style=\"width: 16.6667%;\">18</td>\n<td style=\"width: 16.6667%;\">06</td>\n<td style=\"width: 16.6667%;\"><strong>75</strong></td>\n</tr>\n</tbody>\n</table>\n<h3 style=\"text-align: center;\">BHEL Welder Emptiness Eligibility Standards</h3>\n<table style=\"width: 100%;\">\n<thead>\n<tr style=\"height: 27px; background-color: #0066cc;\">\n<th style=\"width: 17.3004%; height: 27px; text-align: left;\"><span style=\"color: #ffffff;\"><strong>Instructional Qualification</strong></span></th>\n<th style=\"width: 5.07638%; height: 27px; text-align: left;\"><span style=\"color: #ffffff;\"><strong>Age Restrict</strong></span></th>\n</tr>\n</thead>\n<tbody>\n<tr style=\"height: 24px;\">\n<td style=\"width: 17.3004%; height: 10px; text-align: left;\">ITI , ( Nationwide Commerce Certificates) Cross &amp;  Certified Boiler Welder’s Certificates as per Indian Boiler Rules, 1950 &amp; minimal 02 years of expertise.</td>\n<td style=\"width: 5.07638%; height: 10px; text-align: left;\">35 years</td>\n</tr>\n<tr>\n<td style=\"width: 22.3768%; text-align: center;\" colspan=\"2\"><strong> </strong><strong>Age Calculate on 01.02.2022</strong></td>\n</tr>\n</tbody>\n</table>\n<h3 style=\"text-align: center;\">BHEL Welder Emptiness Software Payment</h3>\n<table style=\"width: 100%; border-collapse: collapse;\">\n<tbody>\n<tr style=\"background-color: #0066cc;\">\n<td style=\"height: 21px; width: 20.1212%;\" colspan=\"3\"/></tr>\n<tr style=\"height: 10px;\">\n<td style=\"height: 10px; width: 20.1212%;\">UR/EWS/OBC</td>\n<td style=\"width: 18.5454%; height: 10px;\">200/-</td>\n<td style=\"width: 37.4546%; height: 34px;\" rowspan=\"2\">Pay Examination charge via Demand Draft drawn in favour of BHEL, PSER payable at Nagpur or UPI:<a rel=\"nofollow\" href=\"https://www.sarkariresultnaukri.com/cdn-cgi/l/email-protection\" class=\"__cf_email__\" data-cfemail=\"8dcfc5c8c1c3cccaddd8dfcddecfc4\">[email protected]</a></td>\n</tr>\n<tr style=\"height: 24px;\">\n<td style=\"width: 20.1212%; height: 24px;\">SC/ST/PWD</td>\n<td style=\"width: 18.5454%; height: 24px;\">No Payment</td>\n</tr>\n</tbody>\n</table>\n<h3 style=\"text-align: center;\">Find out how to Apply BHEL Welder Emptiness 2022</h3>\n<table>\n<tbody>\n<tr style=\"background-color: #0066cc;\">\n<td style=\"text-align: center;\"/></tr>\n<tr>\n<td> candidates might apply this <a rel=\"nofollow\" href=\"https://www.sarkariresultnaukri.com/\">sarkari naukri</a> on-line via the web site <a rel=\"nofollow noopener\" href=\"https://www.bhelpswr.co.in/\" target=\"_blank\">https://www.bhelpswr.co.in/</a> type  01.02.2022 to 14.03.2022. Candidates may additionally ship Exhausting copy of On-line utility together with self attested all related doc to Sr. Deputy Common Supervisor (HR) BHEL, Energy Sector Western Area, Shree Mohini Complicated, 345 Kingsway, Nagpur – 440001 on or earlier than 17.03.2022.\n<ul>\n<li><strong>Advt. No. :</strong> FTA 01/2022</li>\n<li><strong>Job Location :</strong> All India</li>\n<li><strong>BHEL Welder Choice Course of : </strong>Choice can be primarily based on Instructional Qualification Or Ability Take a look at.</li>\n</ul>\n</td>\n</tr>\n</tbody>\n</table>\n<p><center><b></b></center><hr/>\n<h3 style=\"text-align: center;\">BHEL Welder Recruitment 2022 : Vital Hyperlinks</h3>\n<div class=\"wp-subscribe-single wp-subscribe-after-content\">\n<div class=\"wp-subscribe no-name-field\" id=\"wp-subscribe\" style=\"background: #1e73be;\">\n<h4 class=\"title\" style=\"color: #2a2f2d;\"></h4>\n</div>\n</div>\n</div>\n\n\n",
            "image": "https://localjobsalert.online/media/posts/103/BHEL.jpg",
            "author": {
                "name": "Mahaveer Yadav"
            },
            "tags": [
            ],
            "date_published": "2022-03-25T09:31:58+05:30",
            "date_modified": "2022-03-25T18:32:58+05:30"
        }
    ]
}
