[
    {
        "path": "404.html",
        "type": "file",
        "md5": "8ea6c59c3c6742f62214646c2933f4ba"
    },
    {
        "path": "afgis-junior-assistant-recruitment-2022.html",
        "type": "file",
        "md5": "d742185320167734442429d2a82d5954"
    },
    {
        "path": "amp",
        "type": "directory",
        "md5": false
    },
    {
        "path": "/amp/afgis-junior-assistant-recruitment-2022.html",
        "type": "file",
        "md5": "b77501124cd426f510a76178bae63d42"
    },
    {
        "path": "amp/authors",
        "type": "directory",
        "md5": false
    },
    {
        "path": "amp/authors/mahaveer-yadav",
        "type": "directory",
        "md5": false
    },
    {
        "path": "/amp/authors/mahaveer-yadav/index.html",
        "type": "file",
        "md5": "e213ffa92daa67990efecf5d154248a5"
    },
    {
        "path": "amp/authors/mahaveer-yadav/page",
        "type": "directory",
        "md5": false
    },
    {
        "path": "amp/authors/mahaveer-yadav/page/10",
        "type": "directory",
        "md5": false
    },
    {
        "path": "/amp/authors/mahaveer-yadav/page/10/index.html",
        "type": "file",
        "md5": "c00c15b88847c27f14714a7813f51a05"
    },
    {
        "path": "amp/authors/mahaveer-yadav/page/11",
        "type": "directory",
        "md5": false
    },
    {
        "path": "/amp/authors/mahaveer-yadav/page/11/index.html",
        "type": "file",
        "md5": "b55f987ac4510cda5ecfbd6664b9e845"
    },
    {
        "path": "amp/authors/mahaveer-yadav/page/12",
        "type": "directory",
        "md5": false
    },
    {
        "path": "/amp/authors/mahaveer-yadav/page/12/index.html",
        "type": "file",
        "md5": "ee8817cbebaa5a5a1dafb249ef9dc5f3"
    },
    {
        "path": "amp/authors/mahaveer-yadav/page/13",
        "type": "directory",
        "md5": false
    },
    {
        "path": "/amp/authors/mahaveer-yadav/page/13/index.html",
        "type": "file",
        "md5": "c3004e0e64caeb2aae3c035a36d85534"
    },
    {
        "path": "amp/authors/mahaveer-yadav/page/14",
        "type": "directory",
        "md5": false
    },
    {
        "path": "/amp/authors/mahaveer-yadav/page/14/index.html",
        "type": "file",
        "md5": "0b34701d02fe8e1692f62a942a203fed"
    },
    {
        "path": "amp/authors/mahaveer-yadav/page/15",
        "type": "directory",
        "md5": false
    },
    {
        "path": "/amp/authors/mahaveer-yadav/page/15/index.html",
        "type": "file",
        "md5": "bedde581e966cab8725da819138f0943"
    },
    {
        "path": "amp/authors/mahaveer-yadav/page/16",
        "type": "directory",
        "md5": false
    },
    {
        "path": "/amp/authors/mahaveer-yadav/page/16/index.html",
        "type": "file",
        "md5": "87d6e6d4cf18154baaa076d578ece539"
    },
    {
        "path": "amp/authors/mahaveer-yadav/page/17",
        "type": "directory",
        "md5": false
    },
    {
        "path": "/amp/authors/mahaveer-yadav/page/17/index.html",
        "type": "file",
        "md5": "6227564d799145b13ffdb2be3440ba84"
    },
    {
        "path": "amp/authors/mahaveer-yadav/page/18",
        "type": "directory",
        "md5": false
    },
    {
        "path": "/amp/authors/mahaveer-yadav/page/18/index.html",
        "type": "file",
        "md5": "6cecd731ecf3552b5b3570f2a752a0cf"
    },
    {
        "path": "amp/authors/mahaveer-yadav/page/19",
        "type": "directory",
        "md5": false
    },
    {
        "path": "/amp/authors/mahaveer-yadav/page/19/index.html",
        "type": "file",
        "md5": "a689a2a3d1162e3f8d0f9e64a177cf49"
    },
    {
        "path": "amp/authors/mahaveer-yadav/page/2",
        "type": "directory",
        "md5": false
    },
    {
        "path": "/amp/authors/mahaveer-yadav/page/2/index.html",
        "type": "file",
        "md5": "223b6a6881ac3caf1ec43f0cfce01a0f"
    },
    {
        "path": "amp/authors/mahaveer-yadav/page/20",
        "type": "directory",
        "md5": false
    },
    {
        "path": "/amp/authors/mahaveer-yadav/page/20/index.html",
        "type": "file",
        "md5": "07be4903701b36d9adfef84d56a14ac4"
    },
    {
        "path": "amp/authors/mahaveer-yadav/page/21",
        "type": "directory",
        "md5": false
    },
    {
        "path": "/amp/authors/mahaveer-yadav/page/21/index.html",
        "type": "file",
        "md5": "8d27044cf9a4faf034b064bb869077b5"
    },
    {
        "path": "amp/authors/mahaveer-yadav/page/22",
        "type": "directory",
        "md5": false
    },
    {
        "path": "/amp/authors/mahaveer-yadav/page/22/index.html",
        "type": "file",
        "md5": "66893b78c3fe09b24941073063de8511"
    },
    {
        "path": "amp/authors/mahaveer-yadav/page/23",
        "type": "directory",
        "md5": false
    },
    {
        "path": "/amp/authors/mahaveer-yadav/page/23/index.html",
        "type": "file",
        "md5": "8eedbfc5d5db287c6c0730eeef8fad1e"
    },
    {
        "path": "amp/authors/mahaveer-yadav/page/3",
        "type": "directory",
        "md5": false
    },
    {
        "path": "/amp/authors/mahaveer-yadav/page/3/index.html",
        "type": "file",
        "md5": "3faffd8c4224c199b42f4fecfb77fd36"
    },
    {
        "path": "amp/authors/mahaveer-yadav/page/4",
        "type": "directory",
        "md5": false
    },
    {
        "path": "/amp/authors/mahaveer-yadav/page/4/index.html",
        "type": "file",
        "md5": "75f6d839f055d651579fac80897714af"
    },
    {
        "path": "amp/authors/mahaveer-yadav/page/5",
        "type": "directory",
        "md5": false
    },
    {
        "path": "/amp/authors/mahaveer-yadav/page/5/index.html",
        "type": "file",
        "md5": "cbf6d54fec550b725cd5714e90d3a4c8"
    },
    {
        "path": "amp/authors/mahaveer-yadav/page/6",
        "type": "directory",
        "md5": false
    },
    {
        "path": "/amp/authors/mahaveer-yadav/page/6/index.html",
        "type": "file",
        "md5": "10148e68e5607486c6273a7d5b0726fb"
    },
    {
        "path": "amp/authors/mahaveer-yadav/page/7",
        "type": "directory",
        "md5": false
    },
    {
        "path": "/amp/authors/mahaveer-yadav/page/7/index.html",
        "type": "file",
        "md5": "0829579e84e9b439b2a06346624a7db4"
    },
    {
        "path": "amp/authors/mahaveer-yadav/page/8",
        "type": "directory",
        "md5": false
    },
    {
        "path": "/amp/authors/mahaveer-yadav/page/8/index.html",
        "type": "file",
        "md5": "bd852913fc5702690a5cdc56eaf4aaf5"
    },
    {
        "path": "amp/authors/mahaveer-yadav/page/9",
        "type": "directory",
        "md5": false
    },
    {
        "path": "/amp/authors/mahaveer-yadav/page/9/index.html",
        "type": "file",
        "md5": "853fb7c87be3a70f0f723b2105a73182"
    },
    {
        "path": "/amp/becil-nursing-tutor-recruitment-2022-becil-02-nursing-tutor-emptiness.html",
        "type": "file",
        "md5": "e3800a87c468aeed2f726204c05b946c"
    },
    {
        "path": "/amp/bel-challenge-engineer-recruitment-2022.html",
        "type": "file",
        "md5": "b12ba66ebe4fef22d5a1126cf7b6a5b0"
    },
    {
        "path": "/amp/bel-undertaking-engineer-and-trainee-engineer-recruitment-2022.html",
        "type": "file",
        "md5": "60254f7bf09040cda83cc7ec45fd226a"
    },
    {
        "path": "/amp/beml-mt-recruitment-2022-beml-administration-trainee-mt-emptiness.html",
        "type": "file",
        "md5": "f65cd5d44f90a5cf881fb006764d16c5"
    },
    {
        "path": "/amp/bhel-welder-recruitment-2022-bhel-75-welder-emptiness.html",
        "type": "file",
        "md5": "a43a2abba61b247d8ff407014f05cb91"
    },
    {
        "path": "/amp/bihar-police-csbc-fireman-advt-no-012021-written-examination-admit-card.html",
        "type": "file",
        "md5": "e893efae7b50faaea6841fddc7bc0180"
    },
    {
        "path": "/amp/bihar-police-forest-guard-end-result-2021.html",
        "type": "file",
        "md5": "e82ff258fe8e24ab742d63c81f1cab4b"
    },
    {
        "path": "/amp/bihar-police-forester-end-result-2021.html",
        "type": "file",
        "md5": "8d0fb90c1f3f827f66b127874f83471b"
    },
    {
        "path": "/amp/bihar-shsb-anm-advt-no-052021-choice-checklist-obtain.html",
        "type": "file",
        "md5": "6df5f943e7aea7221f7efdd822a10b46"
    },
    {
        "path": "/amp/bihar-shsb-cho-recruitment-2022.html",
        "type": "file",
        "md5": "c410dbb6ab368717920a6a397bca33b0"
    },
    {
        "path": "/amp/bpsc-assistant-city-planning-supervisor-recruitment-2022.html",
        "type": "file",
        "md5": "cda8769cb92f5ebd954078a70d50c824"
    },
    {
        "path": "/amp/bpsc-headmaster-main-faculties-recruitment-2022.html",
        "type": "file",
        "md5": "ac14c0b1f95dd635dfbf2b0a2a5eb3ca"
    },
    {
        "path": "/amp/cgpsc-medical-specialist-recruitment-2022.html",
        "type": "file",
        "md5": "d86eb94bda0af621be21d53838f513a0"
    },
    {
        "path": "/amp/cgpsc-so-recruitment-2022-cgpsc-23-scientific-officer-emptiness.html",
        "type": "file",
        "md5": "348ab4e82775834c36227846c53b8690"
    },
    {
        "path": "/amp/cgpsc-sse-mains-recruitment-2021.html",
        "type": "file",
        "md5": "af366f2919f27e4efb5361f37c6fcca7"
    },
    {
        "path": "/amp/cgvyapam-agdo-recruitment-2022-56-assistant-and-deo-emptiness.html",
        "type": "file",
        "md5": "5a4dc9e86677e0b5a3b535bcbd8bc1de"
    },
    {
        "path": "/amp/cgvyapam-sub-engineer-recruitment-2022.html",
        "type": "file",
        "md5": "03f06d4c21394c0d253641e0a1991ffb"
    },
    {
        "path": "/amp/cpcl-jea-recruitment-2022-72-junior-engineering-assistant-emptiness.html",
        "type": "file",
        "md5": "3cff5c86766bad42f912f7cacad2a6c7"
    },
    {
        "path": "/amp/csir-nal-apprentice-recruitment-2022.html",
        "type": "file",
        "md5": "d1abbc53e645457f8cb32ea7daca8137"
    },
    {
        "path": "/amp/ctet-dec-2021-examination-ctet-dec-2021-ultimate-reply-key.html",
        "type": "file",
        "md5": "85b5ca8a5685ae745df24a65a53e7b4b"
    },
    {
        "path": "/amp/delhi-district-courts-group-c-course-of-server-remaining-outcome-declare.html",
        "type": "file",
        "md5": "9c4746512a6cb802dbdc699747925adf"
    },
    {
        "path": "/amp/delhi-excessive-court-docket-hjs-2022.html",
        "type": "file",
        "md5": "db1ecba679fd2ba7e5d9c2f2f9b3cc96"
    },
    {
        "path": "/amp/delhi-excessive-courtroom-junior-judicial-assistant-jja-2020-typing-check-admit-card.html",
        "type": "file",
        "md5": "317d7ddc3f40a835f20bc8f8495f81fe"
    },
    {
        "path": "/amp/dseu-junior-assistant-and-numerous-posts-admit-card-obtain.html",
        "type": "file",
        "md5": "bda6b76f47e49e00cf24e8b2e725b4bd"
    },
    {
        "path": "/amp/ecgc-po-recruitment-2022-ecgc-75-probationary-officer-emptiness.html",
        "type": "file",
        "md5": "3e776f3546503d37d11199c49e0d9653"
    },
    {
        "path": "/amp/esic-imo-recruitment-2022-esic-imo-half-i-cbt-examination-admit-card.html",
        "type": "file",
        "md5": "ee4803ed977ad9a1061cf496a5e969c4"
    },
    {
        "path": "/amp/esic-sso-recruitment-2022-esic-93-social-safety-officer-emptiness.html",
        "type": "file",
        "md5": "ce58654e7aad256505ca0b3ca519fd2e"
    },
    {
        "path": "/amp/financial-institution-of-baroda-supervisor-recruitment-2022.html",
        "type": "file",
        "md5": "847a6f7607126bd44b962f4de6b56b9b"
    },
    {
        "path": "/amp/gate-2022-notification-iit-gate-2022-end-result-obtain.html",
        "type": "file",
        "md5": "4a3753e8eb9eedf1f7ba939b81ae22a2"
    },
    {
        "path": "/amp/hal-design-trainee-and-administration-trainee-2022-admit-card-obtain.html",
        "type": "file",
        "md5": "9330d49c51d8ec686d19a56a4f77e51f"
    },
    {
        "path": "/amp/hcraj-junior-assistant-clerk-and-junior-judicial-assistant-reply-key.html",
        "type": "file",
        "md5": "04834d77d2ccd900ca8214c120c504bb"
    },
    {
        "path": "/amp/hppsc-ae-recruitment-2022-hppsc-76-assistant-engineer-emptiness.html",
        "type": "file",
        "md5": "01fa7b61d7ca7950a3eef1f835227d2b"
    },
    {
        "path": "/amp/hpsc-aeo-recruitment-2022-05-assistant-employment-officer-emptiness.html",
        "type": "file",
        "md5": "5de139b9f9d7ea88addd9456f81c2cb0"
    },
    {
        "path": "/amp/hpsc-sso-recruitment-2022-05-senior-scientific-officer-admit-card.html",
        "type": "file",
        "md5": "1ee26cb0207e77fbd6fb47ed48698323"
    },
    {
        "path": "/amp/ibps-po-xi-2021-notification.html",
        "type": "file",
        "md5": "64c82958161cb97c7106896565a9d755"
    },
    {
        "path": "/amp/ibps-so-xi-notification-ibps-so-xi-interview-name-letter.html",
        "type": "file",
        "md5": "62cca91f37fffa099179369b322e70e5"
    },
    {
        "path": "/amp/icfre-tfri-mts-ldc-and-varied-posts-admit-card-launched-obtain.html",
        "type": "file",
        "md5": "c8c5259abf71bc709506212a91a49eba"
    },
    {
        "path": "/amp/icg-navik-gd-and-db-and-yantrik-cgept-022022-batch-admit-card.html",
        "type": "file",
        "md5": "aa9d92c1c4679105db481d5817d6dde1"
    },
    {
        "path": "/amp/iit-kharagpur-junior-assistant-recruitment-2022.html",
        "type": "file",
        "md5": "79ebcc5ca846bf5cfa2659c9e0aa0d7e"
    },
    {
        "path": "/amp/index.html",
        "type": "file",
        "md5": "118d47f97a2c5a19479e74057b78d78b"
    },
    {
        "path": "/amp/indian-coast-guard-ac-012023-assistant-commandant-examination-admit-card.html",
        "type": "file",
        "md5": "9480fca9f5639c646e14d74450db4194"
    },
    {
        "path": "/amp/indian-military-ncc-particular-entry-scheme-52nd-course-2022.html",
        "type": "file",
        "md5": "413a5e3aa2ef46fa682b1ce4292103db"
    },
    {
        "path": "/amp/indian-navy-sailors-aa-and-ssr-recruitment-2022-2500-aa-ssr-emptiness.html",
        "type": "file",
        "md5": "cdb80adde6b85c56a679f41e43f59dd3"
    },
    {
        "path": "/amp/iocl-non-executives-recruitment-2022.html",
        "type": "file",
        "md5": "4a1597bdba948ac207df318cd74b61bc"
    },
    {
        "path": "/amp/jharkhand-excessive-court-docket-district-decide-recruitment-2022.html",
        "type": "file",
        "md5": "5c25c0783581f83f73161a173665050f"
    },
    {
        "path": "/amp/jkssb-si-recruitment-2021-jkssb-800-sub-inspector-si-admit-card.html",
        "type": "file",
        "md5": "cc07b130ff285e0bcc931ad142c17486"
    },
    {
        "path": "/amp/jute-company-junior-assistant-recruitment-2022-reply-key.html",
        "type": "file",
        "md5": "1f71f42a84efb73090ac0670e837e1bf"
    },
    {
        "path": "/amp/mppeb-group-1-and-2-sub-group-1-recruitment-2022.html",
        "type": "file",
        "md5": "c9b77cfa1b9c4518c6c39bf94cdddb4d"
    },
    {
        "path": "/amp/mppsc-assistant-supervisor-last-reply-key-obtain.html",
        "type": "file",
        "md5": "f46e32aaee8deab0c104eb3e1f594e16"
    },
    {
        "path": "/amp/mpsc-ao-recruitment-2022-mpsc-73-administrative-officer-emptiness.html",
        "type": "file",
        "md5": "e49817a4543e59dd6ccbbeb609432344"
    },
    {
        "path": "/amp/mrb-tn-darkish-room-assistant-recruitment-2022.html",
        "type": "file",
        "md5": "355a541e856ea99ae9794c49ef8653d1"
    },
    {
        "path": "/amp/mrb-tn-junior-analyst-recruitment-2022.html",
        "type": "file",
        "md5": "4c61126d65471b04b36631bf580a5b75"
    },
    {
        "path": "/amp/nbcc-je-recruitment-2022-nbcc-india-ltd-80-junior-engineer-emptiness.html",
        "type": "file",
        "md5": "958bbed81915fb9ad6d0d8f8cd75a87e"
    },
    {
        "path": "/amp/nfl-non-government-employee-recruitment-2021.html",
        "type": "file",
        "md5": "f308471dd0fcd9dc4467535680624881"
    },
    {
        "path": "/amp/nhm-haryana-cho-recruitment-2022.html",
        "type": "file",
        "md5": "f6908f021819d3711fc14b686a54d9e3"
    },
    {
        "path": "/amp/nhm-kerala-workers-nurse-recruitment-2022.html",
        "type": "file",
        "md5": "17e0083349d2c93c85ec0cd7d3d4d99b"
    },
    {
        "path": "/amp/nhpc-je-recruitment-2022-nhpc-133-je-cbt-examination-admit-card.html",
        "type": "file",
        "md5": "508d12ec6faa3956ea774b1626907a48"
    },
    {
        "path": "/amp/niacl-ao-recruitment-2021-niacl-ao-part-i-and-ii-on-line-examination-marks.html",
        "type": "file",
        "md5": "76b95aec7479da5a3081d799caf13e50"
    },
    {
        "path": "/amp/nlc-get-recruitment-2022-300-graduate-government-trainee-emptiness.html",
        "type": "file",
        "md5": "292d2e31d75ecb9dfaacf5d01741a34a"
    },
    {
        "path": "/amp/ntpc-government-recruitment-2022-ntpc-55-government-emptiness.html",
        "type": "file",
        "md5": "f762bf15436c62b549b187d80474b110"
    },
    {
        "path": "/amp/nvs-non-instructing-posts-recruitment-2022.html",
        "type": "file",
        "md5": "25476945e1c8abf10209f0927f1c862a"
    },
    {
        "path": "/amp/ossc-cgl-recruitment-2021-ossc-group-b-graduate-stage-posts.html",
        "type": "file",
        "md5": "1b79dfa40ac5b251024dafae03334ba8"
    },
    {
        "path": "amp/page",
        "type": "directory",
        "md5": false
    },
    {
        "path": "amp/page/10",
        "type": "directory",
        "md5": false
    },
    {
        "path": "/amp/page/10/index.html",
        "type": "file",
        "md5": "cc0838c18452ddf0377bb0b6ba50c611"
    },
    {
        "path": "amp/page/11",
        "type": "directory",
        "md5": false
    },
    {
        "path": "/amp/page/11/index.html",
        "type": "file",
        "md5": "af9c7f0e9d95ce590f87a9c1681d95f8"
    },
    {
        "path": "amp/page/12",
        "type": "directory",
        "md5": false
    },
    {
        "path": "/amp/page/12/index.html",
        "type": "file",
        "md5": "da23f408bfaa3636d126463c1d416ebe"
    },
    {
        "path": "amp/page/13",
        "type": "directory",
        "md5": false
    },
    {
        "path": "/amp/page/13/index.html",
        "type": "file",
        "md5": "90a0366a3a88713a7496de0ef41792dd"
    },
    {
        "path": "amp/page/14",
        "type": "directory",
        "md5": false
    },
    {
        "path": "/amp/page/14/index.html",
        "type": "file",
        "md5": "f9e81bc0535f44877d14a5994c7ea17d"
    },
    {
        "path": "amp/page/15",
        "type": "directory",
        "md5": false
    },
    {
        "path": "/amp/page/15/index.html",
        "type": "file",
        "md5": "3fe3bc5676932eb9cb13e2923f9fc16b"
    },
    {
        "path": "amp/page/16",
        "type": "directory",
        "md5": false
    },
    {
        "path": "/amp/page/16/index.html",
        "type": "file",
        "md5": "bd0e3c9c9d8829a013131ce215012515"
    },
    {
        "path": "amp/page/17",
        "type": "directory",
        "md5": false
    },
    {
        "path": "/amp/page/17/index.html",
        "type": "file",
        "md5": "cff8e8036d8a38fafe2a755e332ff195"
    },
    {
        "path": "amp/page/18",
        "type": "directory",
        "md5": false
    },
    {
        "path": "/amp/page/18/index.html",
        "type": "file",
        "md5": "caea32bbefda75747db7259356409601"
    },
    {
        "path": "amp/page/19",
        "type": "directory",
        "md5": false
    },
    {
        "path": "/amp/page/19/index.html",
        "type": "file",
        "md5": "f519ae00430551b348157c48612fd357"
    },
    {
        "path": "amp/page/2",
        "type": "directory",
        "md5": false
    },
    {
        "path": "/amp/page/2/index.html",
        "type": "file",
        "md5": "b14e792db82a5ffabb33f2a735478a84"
    },
    {
        "path": "amp/page/20",
        "type": "directory",
        "md5": false
    },
    {
        "path": "/amp/page/20/index.html",
        "type": "file",
        "md5": "8dc0c15c593b8a09e74e7d2b4364a42d"
    },
    {
        "path": "amp/page/21",
        "type": "directory",
        "md5": false
    },
    {
        "path": "/amp/page/21/index.html",
        "type": "file",
        "md5": "c1ba348cd27e4af02ac4127a4b9fb6e1"
    },
    {
        "path": "amp/page/22",
        "type": "directory",
        "md5": false
    },
    {
        "path": "/amp/page/22/index.html",
        "type": "file",
        "md5": "852aef9a6e4debb9adf84ee49d77e332"
    },
    {
        "path": "amp/page/23",
        "type": "directory",
        "md5": false
    },
    {
        "path": "/amp/page/23/index.html",
        "type": "file",
        "md5": "88f2d9471cc098bd4e225f3550fecd91"
    },
    {
        "path": "amp/page/3",
        "type": "directory",
        "md5": false
    },
    {
        "path": "/amp/page/3/index.html",
        "type": "file",
        "md5": "a7b783d46909728eff4d86b1a3158895"
    },
    {
        "path": "amp/page/4",
        "type": "directory",
        "md5": false
    },
    {
        "path": "/amp/page/4/index.html",
        "type": "file",
        "md5": "a5bac90d8ec387a17c502c21f0656f73"
    },
    {
        "path": "amp/page/5",
        "type": "directory",
        "md5": false
    },
    {
        "path": "/amp/page/5/index.html",
        "type": "file",
        "md5": "a70db2df7b552786198864c01b965da0"
    },
    {
        "path": "amp/page/6",
        "type": "directory",
        "md5": false
    },
    {
        "path": "/amp/page/6/index.html",
        "type": "file",
        "md5": "4fbc2ce259cb88f733bc17c1405028a6"
    },
    {
        "path": "amp/page/7",
        "type": "directory",
        "md5": false
    },
    {
        "path": "/amp/page/7/index.html",
        "type": "file",
        "md5": "57266bdd1ac2f7b02193f6c7492a3d64"
    },
    {
        "path": "amp/page/8",
        "type": "directory",
        "md5": false
    },
    {
        "path": "/amp/page/8/index.html",
        "type": "file",
        "md5": "19608797f6bff66e017f0c22261745f0"
    },
    {
        "path": "amp/page/9",
        "type": "directory",
        "md5": false
    },
    {
        "path": "/amp/page/9/index.html",
        "type": "file",
        "md5": "94c421ef215cc7ab9ba8dd879f05f02d"
    },
    {
        "path": "/amp/patna-excessive-court-docket-district-decide-recruitment-2021.html",
        "type": "file",
        "md5": "a53a669f6d6b4d38b3ce92ac092779ba"
    },
    {
        "path": "/amp/patna-excessive-courtroom-pc-operator-recruitment-2022.html",
        "type": "file",
        "md5": "d12fac7729a78bdf54c0d55c7ffd8451"
    },
    {
        "path": "/amp/pgcil-diploma-trainee-recruitment-2022.html",
        "type": "file",
        "md5": "8bcda5a963c0735e4ba8b10575577a68"
    },
    {
        "path": "/amp/pnb-burdwan-circle-peon-recruitment-2022.html",
        "type": "file",
        "md5": "7ddc642c613d04c2e8d54df1509c7760"
    },
    {
        "path": "/amp/pnb-peon-recruitment-2022-punjab-nationwide-financial-institution-16-peons-emptiness.html",
        "type": "file",
        "md5": "065a9525695e3ed732f166c61f5d4369"
    },
    {
        "path": "/amp/railtel-apprentice-recruitment-2022-103-graduatediploma-emptiness.html",
        "type": "file",
        "md5": "e9ddc73d0d817da0b5bbe59c62c88c64"
    },
    {
        "path": "/amp/rbi-assistant-2021-on-line-preliminary-examination-admit-card-obtain.html",
        "type": "file",
        "md5": "935a710d802a878d3ca7f4a83e464c30"
    },
    {
        "path": "/amp/rbi-non-csg-numerous-posts-recruitment-2022.html",
        "type": "file",
        "md5": "9e3dcb279d52a07ec726e589d4da00f6"
    },
    {
        "path": "/amp/rbi-officers-grade-b-recruitment-2022.html",
        "type": "file",
        "md5": "3fdb202c908306493d6fa984807ee8b9"
    },
    {
        "path": "/amp/rcfl-nurse-and-numerous-posts-recruitment-2022.html",
        "type": "file",
        "md5": "e8ba750fddd8d17773bdd6009e3fb2ec"
    },
    {
        "path": "/amp/rcfl-operator-trainee-chemical-recruitment-2022.html",
        "type": "file",
        "md5": "a5099b19b9096695b6e01ac30c609468"
    },
    {
        "path": "/amp/rcfl-technician-recruitment-2022-rcfl-111-technician-emptiness.html",
        "type": "file",
        "md5": "3e56c391d07401f7f68594934c3d760d"
    },
    {
        "path": "/amp/results-of-preliminary-written-check-for-the-submit-of-constable-and-girl-constable-in-west-bengal-police-2020.html",
        "type": "file",
        "md5": "95f59a6e2e390d2f43d7bb7a80a9d7a7"
    },
    {
        "path": "/amp/rpsc-rasrts-2021-rpsc-ras-2021-mains-examination-admit-card.html",
        "type": "file",
        "md5": "53408c189135cfde2cb1d654f994fc3c"
    },
    {
        "path": "/amp/rrb-ntpc-cen-012019-ntpc-1st-stage-cbt-1-examination-further-outcome.html",
        "type": "file",
        "md5": "8a1d4fce10ce102ace2ffcd8026a3034"
    },
    {
        "path": "/amp/rsmssb-forest-guard-and-forester-recruitment-2022.html",
        "type": "file",
        "md5": "8b6d1930ef03264cd9c635a715e008d2"
    },
    {
        "path": "/amp/rsmssb-lab-assistant-recruitment-2022.html",
        "type": "file",
        "md5": "72be28bb8816d262a494ae71516bddb6"
    },
    {
        "path": "/amp/rsmssb-laptop-teacher-recruitment-2022.html",
        "type": "file",
        "md5": "ca5fafc05962b3e37784cb9274074ecf"
    },
    {
        "path": "/amp/rsmssb-livestock-assistant-recruitment-2022.html",
        "type": "file",
        "md5": "78389e57a07c51700ea4d26c8d8baca9"
    },
    {
        "path": "/amp/sbi-po-recruitment-2021-sbi-po-ultimate-end-result-declare.html",
        "type": "file",
        "md5": "9a035017c631fa06924a16a660932efc"
    },
    {
        "path": "/amp/ssc-havaldar-recruitment-2022-3603-havaldar-cbic-and-cbn-emptiness.html",
        "type": "file",
        "md5": "b815cda2190bd03e2ed374f346340919"
    },
    {
        "path": "/amp/ssc-mts-2020-ssc-mts-2020-paper-i-ultimate-reply-key.html",
        "type": "file",
        "md5": "fc2a6fe0af4b297713f08ec55724688f"
    },
    {
        "path": "/amp/ssc-mts-2021-ssc-mts-non-technical-examination-2021.html",
        "type": "file",
        "md5": "ab7dd8cb685f04b0fd5b47c1128fe5dc"
    },
    {
        "path": "/amp/ukmssb-mo-ayurveda-recruitment-2022.html",
        "type": "file",
        "md5": "f5487a579c00dcd22db53c6b2f7ef81c"
    },
    {
        "path": "/amp/ukmssb-well-being-employee-recruitment-2022.html",
        "type": "file",
        "md5": "e70c7872c3bb82b7e651d6c0c04daae6"
    },
    {
        "path": "/amp/ukpsc-pcs-2021-uttarakhand-psc-2021-pre-examination-admit-card.html",
        "type": "file",
        "md5": "60fa0493c8f05c221a98ad43e8dafe89"
    },
    {
        "path": "/amp/ukpsc-recruitment-2021-17-overview-officer-ro-and-aro-pre-admit-card.html",
        "type": "file",
        "md5": "cd0e7feb769ca91dd154923f6c8cd66a"
    },
    {
        "path": "/amp/ukpsc-scientific-officer-recruitment-2022.html",
        "type": "file",
        "md5": "0f15abfe1d69db74b1405ecc858ac1f8"
    },
    {
        "path": "/amp/uksssc-recruitment-2021-33-secretariat-safety-posts-examination-outcome.html",
        "type": "file",
        "md5": "133ba1413391e8b7104cd008ff98fca6"
    },
    {
        "path": "/amp/up-police-upprpb-assistant-operator-recruitment-2022.html",
        "type": "file",
        "md5": "e4201da09424fde7cd81370630a8b633"
    },
    {
        "path": "/amp/up-police-workshop-employees-recruitment-2022.html",
        "type": "file",
        "md5": "4c12c70888fe03d7e0608435500468e1"
    },
    {
        "path": "/amp/uppcl-113-assistant-engineer-trainee-ae-cbt-admit-card-obtain.html",
        "type": "file",
        "md5": "c08b3fd371f4dc604ef41886f4fb7e96"
    },
    {
        "path": "/amp/uppcl-camp-assistant-cbt-examination-admit-card-obtain.html",
        "type": "file",
        "md5": "1a407ef780e4a264c7778878391f5d40"
    },
    {
        "path": "/amp/uppcl-je-civil-recruitment-2022.html",
        "type": "file",
        "md5": "b02e04f6a55069b881f84aeb9c332840"
    },
    {
        "path": "/amp/uppcl-je-recruitment-2021-uppcl-je-2020-ultimate-outcome.html",
        "type": "file",
        "md5": "a160f8b9ae88d2f529812718bbf0ba7d"
    },
    {
        "path": "/amp/upprpb-up-police-head-operator-recruitment-2022.html",
        "type": "file",
        "md5": "97590cb1c4668229b850eedb1fa192e2"
    },
    {
        "path": "/amp/uppsc-pcs-recruitment-2022-up-pcs-examination-2022-250-emptiness.html",
        "type": "file",
        "md5": "b8f820062e2e5e612a86f79dfdefce49"
    },
    {
        "path": "/amp/uppsc-ro-aro-recruitment-2021.html",
        "type": "file",
        "md5": "57073c5b1f1eea16010b5c5efd9fc716"
    },
    {
        "path": "/amp/uppsc-technical-training-instructing-service-examination-2021-admit-card.html",
        "type": "file",
        "md5": "be7e3a87358c35f2e53d4f0584494bd4"
    },
    {
        "path": "/amp/uprvunl-je-and-varied-posts-recruitment-2022.html",
        "type": "file",
        "md5": "5207b498fa090bdde22742a7d87d1caf"
    },
    {
        "path": "/amp/upsc-cds-i-2021-upsc-cds-1-2021-ota-remaining-outcome.html",
        "type": "file",
        "md5": "7ebca83283a78d1d4f87457620640f7d"
    },
    {
        "path": "/amp/upsc-cds-i-2022-upsc-cds-i-2022-written-examination-admit-card.html",
        "type": "file",
        "md5": "33aed4822529067994b224487b7c4e4b"
    },
    {
        "path": "/amp/upsc-ias-examination-2021-civil-companies-most-important-examination-2021-end-result.html",
        "type": "file",
        "md5": "741a4ca2afd7101f4949ef750f0d4132"
    },
    {
        "path": "/amp/upsc-nda-i-examination-2022.html",
        "type": "file",
        "md5": "8893d086c44992e07fa6ad08a75a6706"
    },
    {
        "path": "/amp/upsssc-decrease-subordinate-examination-2019.html",
        "type": "file",
        "md5": "186ade1a61042f7eaf9fbac57942b32c"
    },
    {
        "path": "/amp/utet-2021-examination-uttarakhand-tet-2021-examination-outcome-declare.html",
        "type": "file",
        "md5": "1d095514ceae4a7feb93462010a226fa"
    },
    {
        "path": "/amp/uttarakhand-postal-circle-581-gramin-dak-sevak-gds-end-result-declare.html",
        "type": "file",
        "md5": "b59d649c55d64e0150f2a767560a17bb"
    },
    {
        "path": "/amp/wb-police-si-notification-2021.html",
        "type": "file",
        "md5": "58c2d656d2c9b6a043efffb251971d9c"
    },
    {
        "path": "/amp/wb-police-wi-fi-supervisor-2021-wi-fi-supervisor-pre-examination-end-result.html",
        "type": "file",
        "md5": "a9d7c4271a3b189340b7045568f60f97"
    },
    {
        "path": "/amp/wbpsc-wbcs-exe-examination-notification-2022.html",
        "type": "file",
        "md5": "2ffe4a4a5b15ef861ec72d072402e36c"
    },
    {
        "path": "assets",
        "type": "directory",
        "md5": false
    },
    {
        "path": "assets/css",
        "type": "directory",
        "md5": false
    },
    {
        "path": "/assets/css/editor.css",
        "type": "file",
        "md5": "4202808df745f2ac7ab250606fa0d272"
    },
    {
        "path": "/assets/css/main.css",
        "type": "file",
        "md5": "46a2a8f5077bd1d1dca22fb2d157d7da"
    },
    {
        "path": "/assets/css/photoswipe.css",
        "type": "file",
        "md5": "7331f6eb15671b2fc8e3ffd46e849f7b"
    },
    {
        "path": "/assets/css/style.css",
        "type": "file",
        "md5": "51697e157bab7495060b0795e0b05972"
    },
    {
        "path": "assets/dynamic",
        "type": "directory",
        "md5": false
    },
    {
        "path": "assets/js",
        "type": "directory",
        "md5": false
    },
    {
        "path": "/assets/js/photoswipe-ui-default.min.js",
        "type": "file",
        "md5": "9952f77ca2b8fbc9449a268008ea8dee"
    },
    {
        "path": "/assets/js/photoswipe.min.js",
        "type": "file",
        "md5": "b586a3bc288c989ecce7b81b48e35855"
    },
    {
        "path": "/assets/js/scripts.js",
        "type": "file",
        "md5": "400c064486cb3577ffe1cc88c62515b4"
    },
    {
        "path": "/assets/js/scripts.min.js",
        "type": "file",
        "md5": "6ca8b60e6534a3888de1205e82df8528"
    },
    {
        "path": "/assets/js/svg-fix.js",
        "type": "file",
        "md5": "9b7d020c55e2b4f77ab40c97f88f9ff4"
    },
    {
        "path": "/assets/js/svg-map.js",
        "type": "file",
        "md5": "3f007dc85fd8629e11dad3e000154b2b"
    },
    {
        "path": "assets/svg",
        "type": "directory",
        "md5": false
    },
    {
        "path": "/assets/svg/gallery-icons-dark.svg",
        "type": "file",
        "md5": "b40f17fabcda1519011795fa715c5751"
    },
    {
        "path": "/assets/svg/gallery-icons-light.svg",
        "type": "file",
        "md5": "ae5b8ffffb37a64a9be016441a42d939"
    },
    {
        "path": "/assets/svg/search.svg",
        "type": "file",
        "md5": "a5bb83b82b98f41b359f20dbf9db6e44"
    },
    {
        "path": "/assets/svg/svg-map.svg",
        "type": "file",
        "md5": "8bf40ff77cd909f3f10b282e353eb5f6"
    },
    {
        "path": "authors",
        "type": "directory",
        "md5": false
    },
    {
        "path": "authors/mahaveer-yadav",
        "type": "directory",
        "md5": false
    },
    {
        "path": "/authors/mahaveer-yadav/index.html",
        "type": "file",
        "md5": "02cea761bd8f21345c4e72f9a63d9633"
    },
    {
        "path": "authors/mahaveer-yadav/page",
        "type": "directory",
        "md5": false
    },
    {
        "path": "authors/mahaveer-yadav/page/10",
        "type": "directory",
        "md5": false
    },
    {
        "path": "/authors/mahaveer-yadav/page/10/index.html",
        "type": "file",
        "md5": "aafe5f9af0ac2c5455e00e1549d393d1"
    },
    {
        "path": "authors/mahaveer-yadav/page/11",
        "type": "directory",
        "md5": false
    },
    {
        "path": "/authors/mahaveer-yadav/page/11/index.html",
        "type": "file",
        "md5": "111075b85ac24991022bc3b88a04cf54"
    },
    {
        "path": "authors/mahaveer-yadav/page/12",
        "type": "directory",
        "md5": false
    },
    {
        "path": "/authors/mahaveer-yadav/page/12/index.html",
        "type": "file",
        "md5": "9315109bbbab00d6ffdd6f3df74c8f9b"
    },
    {
        "path": "authors/mahaveer-yadav/page/13",
        "type": "directory",
        "md5": false
    },
    {
        "path": "/authors/mahaveer-yadav/page/13/index.html",
        "type": "file",
        "md5": "f2bcec5bfdefca4e5e8a848a6691b13b"
    },
    {
        "path": "authors/mahaveer-yadav/page/14",
        "type": "directory",
        "md5": false
    },
    {
        "path": "/authors/mahaveer-yadav/page/14/index.html",
        "type": "file",
        "md5": "32192a0b34c281a6fd3a551f8aeae23b"
    },
    {
        "path": "authors/mahaveer-yadav/page/15",
        "type": "directory",
        "md5": false
    },
    {
        "path": "/authors/mahaveer-yadav/page/15/index.html",
        "type": "file",
        "md5": "75c347f65cc4fd15527b675a076559a1"
    },
    {
        "path": "authors/mahaveer-yadav/page/16",
        "type": "directory",
        "md5": false
    },
    {
        "path": "/authors/mahaveer-yadav/page/16/index.html",
        "type": "file",
        "md5": "88d899d10d7bd27871960be64e90e962"
    },
    {
        "path": "authors/mahaveer-yadav/page/17",
        "type": "directory",
        "md5": false
    },
    {
        "path": "/authors/mahaveer-yadav/page/17/index.html",
        "type": "file",
        "md5": "2f8017df9c88c5cebd19846c23b77ea1"
    },
    {
        "path": "authors/mahaveer-yadav/page/18",
        "type": "directory",
        "md5": false
    },
    {
        "path": "/authors/mahaveer-yadav/page/18/index.html",
        "type": "file",
        "md5": "4f739b114dd69df360ee07c6db3516a8"
    },
    {
        "path": "authors/mahaveer-yadav/page/19",
        "type": "directory",
        "md5": false
    },
    {
        "path": "/authors/mahaveer-yadav/page/19/index.html",
        "type": "file",
        "md5": "805a309bbfac75e87f0f0fa3b970b36d"
    },
    {
        "path": "authors/mahaveer-yadav/page/2",
        "type": "directory",
        "md5": false
    },
    {
        "path": "/authors/mahaveer-yadav/page/2/index.html",
        "type": "file",
        "md5": "54c3165783a2168fcf6d5f42a527584c"
    },
    {
        "path": "authors/mahaveer-yadav/page/20",
        "type": "directory",
        "md5": false
    },
    {
        "path": "/authors/mahaveer-yadav/page/20/index.html",
        "type": "file",
        "md5": "7822f60f906d7c0ca19f3a36e49b0c06"
    },
    {
        "path": "authors/mahaveer-yadav/page/21",
        "type": "directory",
        "md5": false
    },
    {
        "path": "/authors/mahaveer-yadav/page/21/index.html",
        "type": "file",
        "md5": "e21d28eab2932d5c1428a30580123faa"
    },
    {
        "path": "authors/mahaveer-yadav/page/22",
        "type": "directory",
        "md5": false
    },
    {
        "path": "/authors/mahaveer-yadav/page/22/index.html",
        "type": "file",
        "md5": "b7e519555a6cc0b8bb2f08efcb2c71f8"
    },
    {
        "path": "authors/mahaveer-yadav/page/23",
        "type": "directory",
        "md5": false
    },
    {
        "path": "/authors/mahaveer-yadav/page/23/index.html",
        "type": "file",
        "md5": "19fcf51f2350c25cf14e2bb579aa8833"
    },
    {
        "path": "authors/mahaveer-yadav/page/3",
        "type": "directory",
        "md5": false
    },
    {
        "path": "/authors/mahaveer-yadav/page/3/index.html",
        "type": "file",
        "md5": "27f46b83112d9006691dc8560313de1d"
    },
    {
        "path": "authors/mahaveer-yadav/page/4",
        "type": "directory",
        "md5": false
    },
    {
        "path": "/authors/mahaveer-yadav/page/4/index.html",
        "type": "file",
        "md5": "b32d92cc22ecb58aad722f20cb31e090"
    },
    {
        "path": "authors/mahaveer-yadav/page/5",
        "type": "directory",
        "md5": false
    },
    {
        "path": "/authors/mahaveer-yadav/page/5/index.html",
        "type": "file",
        "md5": "2fce0313831dcbfb016e77a0e301e6ed"
    },
    {
        "path": "authors/mahaveer-yadav/page/6",
        "type": "directory",
        "md5": false
    },
    {
        "path": "/authors/mahaveer-yadav/page/6/index.html",
        "type": "file",
        "md5": "47b89da075f2786554e5b4c5e5d30cc4"
    },
    {
        "path": "authors/mahaveer-yadav/page/7",
        "type": "directory",
        "md5": false
    },
    {
        "path": "/authors/mahaveer-yadav/page/7/index.html",
        "type": "file",
        "md5": "16b00662d58ad6b9b8a72ece9b0ebf84"
    },
    {
        "path": "authors/mahaveer-yadav/page/8",
        "type": "directory",
        "md5": false
    },
    {
        "path": "/authors/mahaveer-yadav/page/8/index.html",
        "type": "file",
        "md5": "f55c393b82415b3da9017325d5820e36"
    },
    {
        "path": "authors/mahaveer-yadav/page/9",
        "type": "directory",
        "md5": false
    },
    {
        "path": "/authors/mahaveer-yadav/page/9/index.html",
        "type": "file",
        "md5": "b456a2404c70e7387c374b46d70ca444"
    },
    {
        "path": "becil-nursing-tutor-recruitment-2022-becil-02-nursing-tutor-emptiness.html",
        "type": "file",
        "md5": "53a0f41a12d53cced12ee62eacf389b8"
    },
    {
        "path": "bel-challenge-engineer-recruitment-2022.html",
        "type": "file",
        "md5": "2151e8584a9f44ad6971d14016aadc96"
    },
    {
        "path": "bel-undertaking-engineer-and-trainee-engineer-recruitment-2022.html",
        "type": "file",
        "md5": "dc329ea38185b5c74bf5e19b923b7b0b"
    },
    {
        "path": "beml-mt-recruitment-2022-beml-administration-trainee-mt-emptiness.html",
        "type": "file",
        "md5": "f06d723f6f4562117bf75ce4fd547719"
    },
    {
        "path": "bhel-welder-recruitment-2022-bhel-75-welder-emptiness.html",
        "type": "file",
        "md5": "71fa5d501e9bc41d47ad8013aeab6e23"
    },
    {
        "path": "bihar-police-csbc-fireman-advt-no-012021-written-examination-admit-card.html",
        "type": "file",
        "md5": "abfa9ba655e8e03cdf93f5678ef775f7"
    },
    {
        "path": "bihar-police-forest-guard-end-result-2021.html",
        "type": "file",
        "md5": "9293bee4787dc5275a3b4063bade44d2"
    },
    {
        "path": "bihar-police-forester-end-result-2021.html",
        "type": "file",
        "md5": "c13bd92aea0b9c4752f844f88f5bc489"
    },
    {
        "path": "bihar-shsb-anm-advt-no-052021-choice-checklist-obtain.html",
        "type": "file",
        "md5": "ec98b0161d10818355a3772b3820af87"
    },
    {
        "path": "bihar-shsb-cho-recruitment-2022.html",
        "type": "file",
        "md5": "140b9b087c862395bd900385f28aa3ce"
    },
    {
        "path": "bpsc-assistant-city-planning-supervisor-recruitment-2022.html",
        "type": "file",
        "md5": "87e6eb02412395c3744783f39f3e82a6"
    },
    {
        "path": "bpsc-headmaster-main-faculties-recruitment-2022.html",
        "type": "file",
        "md5": "4321c408c64d7e500d5330970513fcb2"
    },
    {
        "path": "cgpsc-medical-specialist-recruitment-2022.html",
        "type": "file",
        "md5": "7610c3d4ec58463f9bf3dd57cf4a6358"
    },
    {
        "path": "cgpsc-so-recruitment-2022-cgpsc-23-scientific-officer-emptiness.html",
        "type": "file",
        "md5": "1dcec2652c13cc7fa8312e4c70381eab"
    },
    {
        "path": "cgpsc-sse-mains-recruitment-2021.html",
        "type": "file",
        "md5": "6feea9fd1bd96b41ee94c0cbbe442a35"
    },
    {
        "path": "cgvyapam-agdo-recruitment-2022-56-assistant-and-deo-emptiness.html",
        "type": "file",
        "md5": "a8fc9c89da97aafbb3785825cde042c7"
    },
    {
        "path": "cgvyapam-sub-engineer-recruitment-2022.html",
        "type": "file",
        "md5": "4edb3ca2212fd28f9309dbe742c7b433"
    },
    {
        "path": "cpcl-jea-recruitment-2022-72-junior-engineering-assistant-emptiness.html",
        "type": "file",
        "md5": "0a9cd58326a6d3e0ee29e6e218d7c76a"
    },
    {
        "path": "csir-nal-apprentice-recruitment-2022.html",
        "type": "file",
        "md5": "4902cc6c8095949b10f133989088c6e5"
    },
    {
        "path": "ctet-dec-2021-examination-ctet-dec-2021-ultimate-reply-key.html",
        "type": "file",
        "md5": "18a7aa1976bd64ad4f2447a479ff52c8"
    },
    {
        "path": "delhi-district-courts-group-c-course-of-server-remaining-outcome-declare.html",
        "type": "file",
        "md5": "6abf166d200760aae7eb132a5fb18b86"
    },
    {
        "path": "delhi-excessive-court-docket-hjs-2022.html",
        "type": "file",
        "md5": "3cfde1bbc6c61c4fdcf7d48e4da7be27"
    },
    {
        "path": "delhi-excessive-courtroom-junior-judicial-assistant-jja-2020-typing-check-admit-card.html",
        "type": "file",
        "md5": "aecd864f386e52f1362a49755ae200d3"
    },
    {
        "path": "dseu-junior-assistant-and-numerous-posts-admit-card-obtain.html",
        "type": "file",
        "md5": "52e8d5d392fc8ee4ce88defb69ac2f4b"
    },
    {
        "path": "ecgc-po-recruitment-2022-ecgc-75-probationary-officer-emptiness.html",
        "type": "file",
        "md5": "c2bfaeee3f4e10ba5f2d4e36ea1a2fb7"
    },
    {
        "path": "esic-imo-recruitment-2022-esic-imo-half-i-cbt-examination-admit-card.html",
        "type": "file",
        "md5": "773b3f3df5c4095f00493f2cb973b503"
    },
    {
        "path": "esic-sso-recruitment-2022-esic-93-social-safety-officer-emptiness.html",
        "type": "file",
        "md5": "bb57be624e4ad07229c98abfca451b03"
    },
    {
        "path": "feed.json",
        "type": "file",
        "md5": "8f88ebcfb5679fbf51dc4dd36dce6584"
    },
    {
        "path": "feed.xml",
        "type": "file",
        "md5": "a2bec4f278e077d4466e43f7cbee3297"
    },
    {
        "path": "financial-institution-of-baroda-supervisor-recruitment-2022.html",
        "type": "file",
        "md5": "8ffff31ffc5b6964baeab16be5c74e0e"
    },
    {
        "path": "gate-2022-notification-iit-gate-2022-end-result-obtain.html",
        "type": "file",
        "md5": "cee4df04c218bd89741c0ae9aa1ed16f"
    },
    {
        "path": "hal-design-trainee-and-administration-trainee-2022-admit-card-obtain.html",
        "type": "file",
        "md5": "6992adc94135e61c66ac91692a8a5ce5"
    },
    {
        "path": "hcraj-junior-assistant-clerk-and-junior-judicial-assistant-reply-key.html",
        "type": "file",
        "md5": "5bde81d6de00cef87c47723617061633"
    },
    {
        "path": "hppsc-ae-recruitment-2022-hppsc-76-assistant-engineer-emptiness.html",
        "type": "file",
        "md5": "8037783ea7191005301d64a0df103bde"
    },
    {
        "path": "hpsc-aeo-recruitment-2022-05-assistant-employment-officer-emptiness.html",
        "type": "file",
        "md5": "92e8d0a987cd6e0b4e936d3c7e614b8a"
    },
    {
        "path": "hpsc-sso-recruitment-2022-05-senior-scientific-officer-admit-card.html",
        "type": "file",
        "md5": "f6f25c7f855d81a97c6e47fe5937f74c"
    },
    {
        "path": "ibps-po-xi-2021-notification.html",
        "type": "file",
        "md5": "de5ce78b9c4af0371a182d7d65c29b31"
    },
    {
        "path": "ibps-so-xi-notification-ibps-so-xi-interview-name-letter.html",
        "type": "file",
        "md5": "0f5ce8d232bf591e326e35aa379be2f2"
    },
    {
        "path": "icfre-tfri-mts-ldc-and-varied-posts-admit-card-launched-obtain.html",
        "type": "file",
        "md5": "64592100913371b28dc04074b27ef24a"
    },
    {
        "path": "icg-navik-gd-and-db-and-yantrik-cgept-022022-batch-admit-card.html",
        "type": "file",
        "md5": "9a7067c1149d5cc1a1e1c0acd521cbd8"
    },
    {
        "path": "iit-kharagpur-junior-assistant-recruitment-2022.html",
        "type": "file",
        "md5": "43779ec5254ed971b0bbb0181c1909ae"
    },
    {
        "path": "index.html",
        "type": "file",
        "md5": "547b31b3ac594db8a7919e0b2b3a18b8"
    },
    {
        "path": "indian-coast-guard-ac-012023-assistant-commandant-examination-admit-card.html",
        "type": "file",
        "md5": "9b5e17ca49d7caa94ddead1d135ee374"
    },
    {
        "path": "indian-military-ncc-particular-entry-scheme-52nd-course-2022.html",
        "type": "file",
        "md5": "21891156aa217216062ba6b7f3e70995"
    },
    {
        "path": "indian-navy-sailors-aa-and-ssr-recruitment-2022-2500-aa-ssr-emptiness.html",
        "type": "file",
        "md5": "12376562c1a7a32ab3707cea2f9ad484"
    },
    {
        "path": "iocl-non-executives-recruitment-2022.html",
        "type": "file",
        "md5": "ebc4b58595734cf95eb5df2c910eb93c"
    },
    {
        "path": "jharkhand-excessive-court-docket-district-decide-recruitment-2022.html",
        "type": "file",
        "md5": "a070be46dd7735bccc85ea3899478779"
    },
    {
        "path": "jkssb-si-recruitment-2021-jkssb-800-sub-inspector-si-admit-card.html",
        "type": "file",
        "md5": "f6d5bd9baf443002eb26831da0e0262f"
    },
    {
        "path": "jute-company-junior-assistant-recruitment-2022-reply-key.html",
        "type": "file",
        "md5": "5f05c1fb5ecc8fd68abeca6df37a8469"
    },
    {
        "path": "media",
        "type": "directory",
        "md5": false
    },
    {
        "path": "media/posts",
        "type": "directory",
        "md5": false
    },
    {
        "path": "media/posts/1",
        "type": "directory",
        "md5": false
    },
    {
        "path": "/media/posts/1/SSC.jpg",
        "type": "file",
        "md5": "973f3a334a1ccb8b9c3d24650e4c1fb1"
    },
    {
        "path": "media/posts/10",
        "type": "directory",
        "md5": false
    },
    {
        "path": "/media/posts/10/NTPC.jpg",
        "type": "file",
        "md5": "039ab92f6db149800a0e2e9675202f7e"
    },
    {
        "path": "media/posts/100",
        "type": "directory",
        "md5": false
    },
    {
        "path": "/media/posts/100/UPSSSC.jpg",
        "type": "file",
        "md5": "f0a9c10098f189eb7d0506c07a057920"
    },
    {
        "path": "media/posts/101",
        "type": "directory",
        "md5": false
    },
    {
        "path": "/media/posts/101/West-Bengal-Police.jpg",
        "type": "file",
        "md5": "9cc7071b80d2e069abc8fd3fa499631a"
    },
    {
        "path": "media/posts/102",
        "type": "directory",
        "md5": false
    },
    {
        "path": "/media/posts/102/PNB.png",
        "type": "file",
        "md5": "74ea8db51dd2fbf2e8ea0d964f54c37c"
    },
    {
        "path": "media/posts/103",
        "type": "directory",
        "md5": false
    },
    {
        "path": "/media/posts/103/BHEL.jpg",
        "type": "file",
        "md5": "345c8e7cbc95390eaac77ab0bf1bb765"
    },
    {
        "path": "media/posts/104",
        "type": "directory",
        "md5": false
    },
    {
        "path": "/media/posts/104/PNB.png",
        "type": "file",
        "md5": "74ea8db51dd2fbf2e8ea0d964f54c37c"
    },
    {
        "path": "media/posts/105",
        "type": "directory",
        "md5": false
    },
    {
        "path": "/media/posts/105/cgpeb.jpg",
        "type": "file",
        "md5": "565531ae55932cfcf74309ad6ee90ffa"
    },
    {
        "path": "media/posts/106",
        "type": "directory",
        "md5": false
    },
    {
        "path": "/media/posts/106/High-Court-Patna.jpg",
        "type": "file",
        "md5": "7993fc21ebe66688f70d0c9de81391c1"
    },
    {
        "path": "media/posts/107",
        "type": "directory",
        "md5": false
    },
    {
        "path": "/media/posts/107/BECIL.jpg",
        "type": "file",
        "md5": "49570fa966ebe74dccce4201b292ae17"
    },
    {
        "path": "media/posts/108",
        "type": "directory",
        "md5": false
    },
    {
        "path": "/media/posts/108/bel.jpg",
        "type": "file",
        "md5": "91a6c18e7973f68bed20eb073a77ab53"
    },
    {
        "path": "media/posts/109",
        "type": "directory",
        "md5": false
    },
    {
        "path": "/media/posts/109/JCI-Limited.jpg",
        "type": "file",
        "md5": "d2778d6be08bc94fc7af231105dffcb7"
    },
    {
        "path": "media/posts/11",
        "type": "directory",
        "md5": false
    },
    {
        "path": "/media/posts/11/RCFL.jpg",
        "type": "file",
        "md5": "3bcbcd234c8c7e0090a10ac33005bb27"
    },
    {
        "path": "media/posts/110",
        "type": "directory",
        "md5": false
    },
    {
        "path": "/media/posts/110/RSMSSB.jpg",
        "type": "file",
        "md5": "44fb9cdb5227461bfb4dbf5c80d6bcfc"
    },
    {
        "path": "media/posts/111",
        "type": "directory",
        "md5": false
    },
    {
        "path": "/media/posts/111/rrb.jpg",
        "type": "file",
        "md5": "4a3b0dbd82423efb338604e773a11e04"
    },
    {
        "path": "media/posts/112",
        "type": "directory",
        "md5": false
    },
    {
        "path": "/media/posts/112/NFL.png",
        "type": "file",
        "md5": "3bd12df9227812ec7707e0b49289c3b1"
    },
    {
        "path": "media/posts/12",
        "type": "directory",
        "md5": false
    },
    {
        "path": "/media/posts/12/HPSC.png",
        "type": "file",
        "md5": "90aeb01c7009c29bacd1ccdf9198200f"
    },
    {
        "path": "media/posts/13",
        "type": "directory",
        "md5": false
    },
    {
        "path": "/media/posts/13/icfre.gif",
        "type": "file",
        "md5": "64442696e33b5fe42a35c453d7046e6a"
    },
    {
        "path": "media/posts/14",
        "type": "directory",
        "md5": false
    },
    {
        "path": "/media/posts/14/UKMSSB.jpg",
        "type": "file",
        "md5": "a2c274747c7db65ffca404ff0072f096"
    },
    {
        "path": "media/posts/15",
        "type": "directory",
        "md5": false
    },
    {
        "path": "/media/posts/15/AFGIS.jpg",
        "type": "file",
        "md5": "981c15cd96312b7ab7ed113512afc481"
    },
    {
        "path": "media/posts/16",
        "type": "directory",
        "md5": false
    },
    {
        "path": "/media/posts/16/NLC-India-e1601718802867.jpg",
        "type": "file",
        "md5": "d8d8860bb33ab590cc9d803d18168d4e"
    },
    {
        "path": "media/posts/17",
        "type": "directory",
        "md5": false
    },
    {
        "path": "/media/posts/17/RCFL.jpg",
        "type": "file",
        "md5": "3bcbcd234c8c7e0090a10ac33005bb27"
    },
    {
        "path": "media/posts/18",
        "type": "directory",
        "md5": false
    },
    {
        "path": "/media/posts/18/NHPC-Limited.jpg",
        "type": "file",
        "md5": "a833beea2a020845d1f989c62fa06771"
    },
    {
        "path": "media/posts/19",
        "type": "directory",
        "md5": false
    },
    {
        "path": "/media/posts/19/SSC.jpg",
        "type": "file",
        "md5": "973f3a334a1ccb8b9c3d24650e4c1fb1"
    },
    {
        "path": "media/posts/2",
        "type": "directory",
        "md5": false
    },
    {
        "path": "/media/posts/2/UPPCL.jpg",
        "type": "file",
        "md5": "9abc7af2d3ec6962bf2028a47696dfbe"
    },
    {
        "path": "media/posts/20",
        "type": "directory",
        "md5": false
    },
    {
        "path": "/media/posts/20/bpsc.jpg",
        "type": "file",
        "md5": "edd2d967483fe34e92acfe1fde51dd78"
    },
    {
        "path": "media/posts/21",
        "type": "directory",
        "md5": false
    },
    {
        "path": "/media/posts/21/bel.jpg",
        "type": "file",
        "md5": "91a6c18e7973f68bed20eb073a77ab53"
    },
    {
        "path": "media/posts/22",
        "type": "directory",
        "md5": false
    },
    {
        "path": "/media/posts/22/Chhattisgarh-PSC.jpg",
        "type": "file",
        "md5": "1c7bea96e9c206523a914dbb7d6f9d57"
    },
    {
        "path": "media/posts/23",
        "type": "directory",
        "md5": false
    },
    {
        "path": "/media/posts/23/Chhattisgarh-PSC.jpg",
        "type": "file",
        "md5": "1c7bea96e9c206523a914dbb7d6f9d57"
    },
    {
        "path": "media/posts/24",
        "type": "directory",
        "md5": false
    },
    {
        "path": "/media/posts/24/wbpsc.jpg",
        "type": "file",
        "md5": "59954af41761230db644b5a9125d33d0"
    },
    {
        "path": "media/posts/25",
        "type": "directory",
        "md5": false
    },
    {
        "path": "/media/posts/25/JKSSB.jpeg",
        "type": "file",
        "md5": "05b8f88ae6b001d610e59bb88fa4443b"
    },
    {
        "path": "media/posts/26",
        "type": "directory",
        "md5": false
    },
    {
        "path": "/media/posts/26/ibps3.jpg",
        "type": "file",
        "md5": "7a8dac44a215e8254522abfae59f044f"
    },
    {
        "path": "media/posts/27",
        "type": "directory",
        "md5": false
    },
    {
        "path": "/media/posts/27/PGCIL-logo.jpg",
        "type": "file",
        "md5": "06fc904f0daafeed6cdc7603129a71f1"
    },
    {
        "path": "media/posts/28",
        "type": "directory",
        "md5": false
    },
    {
        "path": "/media/posts/28/RailTel-Corporation-of-India-Limited-e1397615707460.jpg",
        "type": "file",
        "md5": "13efb8c471b78210c740a104e604df7a"
    },
    {
        "path": "media/posts/29",
        "type": "directory",
        "md5": false
    },
    {
        "path": "/media/posts/29/rbi-logo.png",
        "type": "file",
        "md5": "7260beefe485cb8e5d6dc7c382d99db3"
    },
    {
        "path": "media/posts/3",
        "type": "directory",
        "md5": false
    },
    {
        "path": "/media/posts/3/Bank-of-Baroda.jpg",
        "type": "file",
        "md5": "d2a0802e9a6ae47dfb8b32b7ac3532bf"
    },
    {
        "path": "media/posts/30",
        "type": "directory",
        "md5": false
    },
    {
        "path": "/media/posts/30/rbi-logo.png",
        "type": "file",
        "md5": "7260beefe485cb8e5d6dc7c382d99db3"
    },
    {
        "path": "media/posts/31",
        "type": "directory",
        "md5": false
    },
    {
        "path": "/media/posts/31/IIT-Kharagpur.jpg",
        "type": "file",
        "md5": "4b1c8cc9330fd004e327a7d6cbaba40b"
    },
    {
        "path": "media/posts/32",
        "type": "directory",
        "md5": false
    },
    {
        "path": "/media/posts/32/Maharashtra-PSC-e1647921810973.jpg",
        "type": "file",
        "md5": "1b7b54e29ebe61edf501a8a531b21380"
    },
    {
        "path": "media/posts/33",
        "type": "directory",
        "md5": false
    },
    {
        "path": "/media/posts/33/upsc.jpg",
        "type": "file",
        "md5": "12bb14bbb7f01d66f478ac6d54d52693"
    },
    {
        "path": "media/posts/34",
        "type": "directory",
        "md5": false
    },
    {
        "path": "/media/posts/34/UKSSSC.jpg",
        "type": "file",
        "md5": "d31720a3342ba8d8ed73196cdc3b7c7a"
    },
    {
        "path": "media/posts/35",
        "type": "directory",
        "md5": false
    },
    {
        "path": "/media/posts/35/UPRVUNL-e1401095496327.jpg",
        "type": "file",
        "md5": "6cec6a576a52a37743bdcd791df82a20"
    },
    {
        "path": "media/posts/36",
        "type": "directory",
        "md5": false
    },
    {
        "path": "/media/posts/36/ECGC.jpg",
        "type": "file",
        "md5": "476f58c14789c9a3f8529ff6bc172c5a"
    },
    {
        "path": "media/posts/37",
        "type": "directory",
        "md5": false
    },
    {
        "path": "/media/posts/37/NRHM.png",
        "type": "file",
        "md5": "6149ef3e3661e0dadc94f6f372f24f05"
    },
    {
        "path": "media/posts/38",
        "type": "directory",
        "md5": false
    },
    {
        "path": "/media/posts/38/rbi-logo.png",
        "type": "file",
        "md5": "7260beefe485cb8e5d6dc7c382d99db3"
    },
    {
        "path": "media/posts/39",
        "type": "directory",
        "md5": false
    },
    {
        "path": "/media/posts/39/download.png",
        "type": "file",
        "md5": "6260fba5b71d432bfcd5923c0d09ac00"
    },
    {
        "path": "media/posts/4",
        "type": "directory",
        "md5": false
    },
    {
        "path": "/media/posts/4/Jharkhand-High-Court.jpg",
        "type": "file",
        "md5": "10cb8d36b7f0867b48655315d77dbcde"
    },
    {
        "path": "media/posts/40",
        "type": "directory",
        "md5": false
    },
    {
        "path": "/media/posts/40/MPPSC.jpg",
        "type": "file",
        "md5": "2152ddb6162858e94fea148948c3da88"
    },
    {
        "path": "media/posts/41",
        "type": "directory",
        "md5": false
    },
    {
        "path": "/media/posts/41/National-Aerospace-Laboratories.png",
        "type": "file",
        "md5": "998e99dad120f742ddd410f78c069cd0"
    },
    {
        "path": "media/posts/42",
        "type": "directory",
        "md5": false
    },
    {
        "path": "/media/posts/42/mrb.jpg",
        "type": "file",
        "md5": "70804afcef4f611088a8476fdcf4d47d"
    },
    {
        "path": "media/posts/43",
        "type": "directory",
        "md5": false
    },
    {
        "path": "/media/posts/43/upsc.jpg",
        "type": "file",
        "md5": "12bb14bbb7f01d66f478ac6d54d52693"
    },
    {
        "path": "media/posts/44",
        "type": "directory",
        "md5": false
    },
    {
        "path": "/media/posts/44/mrb.jpg",
        "type": "file",
        "md5": "70804afcef4f611088a8476fdcf4d47d"
    },
    {
        "path": "media/posts/45",
        "type": "directory",
        "md5": false
    },
    {
        "path": "/media/posts/45/nvs.png",
        "type": "file",
        "md5": "013533104547463e6ae82a0cf6a5685c"
    },
    {
        "path": "media/posts/46",
        "type": "directory",
        "md5": false
    },
    {
        "path": "/media/posts/46/RSMSSB.jpg",
        "type": "file",
        "md5": "44fb9cdb5227461bfb4dbf5c80d6bcfc"
    },
    {
        "path": "media/posts/47",
        "type": "directory",
        "md5": false
    },
    {
        "path": "/media/posts/47/HAL.jpg",
        "type": "file",
        "md5": "f0586b890969bbb9df76f1871bb72a97"
    },
    {
        "path": "media/posts/48",
        "type": "directory",
        "md5": false
    },
    {
        "path": "/media/posts/48/West-Bengal-Police.jpg",
        "type": "file",
        "md5": "9cc7071b80d2e069abc8fd3fa499631a"
    },
    {
        "path": "media/posts/49",
        "type": "directory",
        "md5": false
    },
    {
        "path": "/media/posts/49/High-Court-Patna.jpg",
        "type": "file",
        "md5": "7993fc21ebe66688f70d0c9de81391c1"
    },
    {
        "path": "media/posts/5",
        "type": "directory",
        "md5": false
    },
    {
        "path": "/media/posts/5/ibps3.jpg",
        "type": "file",
        "md5": "7a8dac44a215e8254522abfae59f044f"
    },
    {
        "path": "media/posts/50",
        "type": "directory",
        "md5": false
    },
    {
        "path": "/media/posts/50/Delhi-High-Court1.jpg",
        "type": "file",
        "md5": "b3fc72d06e74ff07f816b8c234c6c11e"
    },
    {
        "path": "media/posts/51",
        "type": "directory",
        "md5": false
    },
    {
        "path": "/media/posts/51/Chhattisgarh-Professional-Examination-Board.png",
        "type": "file",
        "md5": "eef29a4415ed9f4b2366f7e6649a2a63"
    },
    {
        "path": "media/posts/52",
        "type": "directory",
        "md5": false
    },
    {
        "path": "/media/posts/52/Chhattisgarh-PSC.jpg",
        "type": "file",
        "md5": "1c7bea96e9c206523a914dbb7d6f9d57"
    },
    {
        "path": "media/posts/53",
        "type": "directory",
        "md5": false
    },
    {
        "path": "/media/posts/53/ESIC5.jpg",
        "type": "file",
        "md5": "8426a2b3d2b819c53b71c02f2ebd8e25"
    },
    {
        "path": "media/posts/54",
        "type": "directory",
        "md5": false
    },
    {
        "path": "/media/posts/54/uppsc.jpg",
        "type": "file",
        "md5": "f6199f2f4dfbecdaf528b8072d778a7e"
    },
    {
        "path": "media/posts/55",
        "type": "directory",
        "md5": false
    },
    {
        "path": "/media/posts/55/uppsc.jpg",
        "type": "file",
        "md5": "f6199f2f4dfbecdaf528b8072d778a7e"
    },
    {
        "path": "media/posts/56",
        "type": "directory",
        "md5": false
    },
    {
        "path": "/media/posts/56/UKMSSB.jpg",
        "type": "file",
        "md5": "a2c274747c7db65ffca404ff0072f096"
    },
    {
        "path": "media/posts/57",
        "type": "directory",
        "md5": false
    },
    {
        "path": "/media/posts/57/RSMSSB.jpg",
        "type": "file",
        "md5": "44fb9cdb5227461bfb4dbf5c80d6bcfc"
    },
    {
        "path": "media/posts/58",
        "type": "directory",
        "md5": false
    },
    {
        "path": "/media/posts/58/CBSE-e1573889664628.jpg",
        "type": "file",
        "md5": "437a22d1269821e7219d708b59006dd0"
    },
    {
        "path": "media/posts/59",
        "type": "directory",
        "md5": false
    },
    {
        "path": "/media/posts/59/UKPSC-e1397875412652.jpg",
        "type": "file",
        "md5": "635c9e1858a84a943d9f1ca23359ac2e"
    },
    {
        "path": "media/posts/6",
        "type": "directory",
        "md5": false
    },
    {
        "path": "/media/posts/6/Bihar-Police.jpg",
        "type": "file",
        "md5": "fbea351f59d33eaf62077c43bddec323"
    },
    {
        "path": "media/posts/60",
        "type": "directory",
        "md5": false
    },
    {
        "path": "/media/posts/60/Government-of-Bihar.jpg",
        "type": "file",
        "md5": "aae17f675c755c247bbd030e8eb08e8a"
    },
    {
        "path": "media/posts/61",
        "type": "directory",
        "md5": false
    },
    {
        "path": "/media/posts/61/Government-of-Bihar.jpg",
        "type": "file",
        "md5": "aae17f675c755c247bbd030e8eb08e8a"
    },
    {
        "path": "media/posts/62",
        "type": "directory",
        "md5": false
    },
    {
        "path": "/media/posts/62/HPPSC-e1403170489655.jpg",
        "type": "file",
        "md5": "17adeac32e84c57d44cbd918775fc663"
    },
    {
        "path": "media/posts/63",
        "type": "directory",
        "md5": false
    },
    {
        "path": "/media/posts/63/BEML.jpg",
        "type": "file",
        "md5": "668f21fc154bda6314494b7063245aca"
    },
    {
        "path": "media/posts/64",
        "type": "directory",
        "md5": false
    },
    {
        "path": "/media/posts/64/Indian-Navy3.jpg",
        "type": "file",
        "md5": "18619e28711e2fab29cb1ca51de87618"
    },
    {
        "path": "media/posts/65",
        "type": "directory",
        "md5": false
    },
    {
        "path": "/media/posts/65/UKPSC-e1397875412652.jpg",
        "type": "file",
        "md5": "635c9e1858a84a943d9f1ca23359ac2e"
    },
    {
        "path": "media/posts/66",
        "type": "directory",
        "md5": false
    },
    {
        "path": "/media/posts/66/UP-Police.jpg",
        "type": "file",
        "md5": "398681104e52a868500b7236ace8cdda"
    },
    {
        "path": "media/posts/67",
        "type": "directory",
        "md5": false
    },
    {
        "path": "/media/posts/67/UP-Police.jpg",
        "type": "file",
        "md5": "398681104e52a868500b7236ace8cdda"
    },
    {
        "path": "media/posts/68",
        "type": "directory",
        "md5": false
    },
    {
        "path": "/media/posts/68/UP-Police.jpg",
        "type": "file",
        "md5": "398681104e52a868500b7236ace8cdda"
    },
    {
        "path": "media/posts/69",
        "type": "directory",
        "md5": false
    },
    {
        "path": "/media/posts/69/IIT-Kharagpur.jpg",
        "type": "file",
        "md5": "4b1c8cc9330fd004e327a7d6cbaba40b"
    },
    {
        "path": "media/posts/7",
        "type": "directory",
        "md5": false
    },
    {
        "path": "/media/posts/7/Bihar-Police.jpg",
        "type": "file",
        "md5": "fbea351f59d33eaf62077c43bddec323"
    },
    {
        "path": "media/posts/70",
        "type": "directory",
        "md5": false
    },
    {
        "path": "/media/posts/70/sbi.png",
        "type": "file",
        "md5": "2c03a9800b8c9ec6d4e7aa564b8e345d"
    },
    {
        "path": "media/posts/71",
        "type": "directory",
        "md5": false
    },
    {
        "path": "/media/posts/71/UPPCL.jpg",
        "type": "file",
        "md5": "9abc7af2d3ec6962bf2028a47696dfbe"
    },
    {
        "path": "media/posts/72",
        "type": "directory",
        "md5": false
    },
    {
        "path": "/media/posts/72/UPPCL.jpg",
        "type": "file",
        "md5": "9abc7af2d3ec6962bf2028a47696dfbe"
    },
    {
        "path": "media/posts/73",
        "type": "directory",
        "md5": false
    },
    {
        "path": "/media/posts/73/Delhi-High-Court.jpg",
        "type": "file",
        "md5": "f2ffaeb3cbcffbec6a83320f238207cb"
    },
    {
        "path": "media/posts/74",
        "type": "directory",
        "md5": false
    },
    {
        "path": "/media/posts/74/Indian-Coast-Guard-e1575533683828.jpg",
        "type": "file",
        "md5": "4960085e799e5e526418a3c6be0493c2"
    },
    {
        "path": "media/posts/75",
        "type": "directory",
        "md5": false
    },
    {
        "path": "/media/posts/75/India-Post.jpg",
        "type": "file",
        "md5": "1dcb7b3253d57af43e8597b78b9d6819"
    },
    {
        "path": "media/posts/76",
        "type": "directory",
        "md5": false
    },
    {
        "path": "/media/posts/76/NBCC.jpg",
        "type": "file",
        "md5": "306d45872731c176817c82eba8bbf5e3"
    },
    {
        "path": "media/posts/77",
        "type": "directory",
        "md5": false
    },
    {
        "path": "/media/posts/77/indian-army.jpg",
        "type": "file",
        "md5": "81009e455af1aaa5d6c1656d9a7e6e7e"
    },
    {
        "path": "media/posts/78",
        "type": "directory",
        "md5": false
    },
    {
        "path": "/media/posts/78/MPPEB.png",
        "type": "file",
        "md5": "34aca8cf1dcd5a4077c26c80950d00c6"
    },
    {
        "path": "media/posts/79",
        "type": "directory",
        "md5": false
    },
    {
        "path": "/media/posts/79/bpsc.jpg",
        "type": "file",
        "md5": "edd2d967483fe34e92acfe1fde51dd78"
    },
    {
        "path": "media/posts/8",
        "type": "directory",
        "md5": false
    },
    {
        "path": "/media/posts/8/CPCL.png",
        "type": "file",
        "md5": "c16846dbec88e92d16a682e57c850be4"
    },
    {
        "path": "media/posts/80",
        "type": "directory",
        "md5": false
    },
    {
        "path": "/media/posts/80/The-New-India-Assurance-Company-Limited.jpg",
        "type": "file",
        "md5": "e8d4d3b7ea614d078a934cba0b14bce4"
    },
    {
        "path": "media/posts/81",
        "type": "directory",
        "md5": false
    },
    {
        "path": "/media/posts/81/Indian-Coast-Guard-e1575533683828.jpg",
        "type": "file",
        "md5": "4960085e799e5e526418a3c6be0493c2"
    },
    {
        "path": "media/posts/82",
        "type": "directory",
        "md5": false
    },
    {
        "path": "/media/posts/82/district-court-delhi.jpg",
        "type": "file",
        "md5": "6a68c708a9300a5f093fbfcc42964563"
    },
    {
        "path": "media/posts/83",
        "type": "directory",
        "md5": false
    },
    {
        "path": "/media/posts/83/Bihar-Police.jpg",
        "type": "file",
        "md5": "fbea351f59d33eaf62077c43bddec323"
    },
    {
        "path": "media/posts/84",
        "type": "directory",
        "md5": false
    },
    {
        "path": "/media/posts/84/uppsc.jpg",
        "type": "file",
        "md5": "f6199f2f4dfbecdaf528b8072d778a7e"
    },
    {
        "path": "media/posts/85",
        "type": "directory",
        "md5": false
    },
    {
        "path": "/media/posts/85/upsc.jpg",
        "type": "file",
        "md5": "12bb14bbb7f01d66f478ac6d54d52693"
    },
    {
        "path": "media/posts/86",
        "type": "directory",
        "md5": false
    },
    {
        "path": "/media/posts/86/SSC.jpg",
        "type": "file",
        "md5": "973f3a334a1ccb8b9c3d24650e4c1fb1"
    },
    {
        "path": "media/posts/87",
        "type": "directory",
        "md5": false
    },
    {
        "path": "/media/posts/87/Government-of-Rajasthan.jpg",
        "type": "file",
        "md5": "1ef7ccc9fc1277cd848f7ebfe21a01ba"
    },
    {
        "path": "media/posts/88",
        "type": "directory",
        "md5": false
    },
    {
        "path": "/media/posts/88/upsc.jpg",
        "type": "file",
        "md5": "12bb14bbb7f01d66f478ac6d54d52693"
    },
    {
        "path": "media/posts/89",
        "type": "directory",
        "md5": false
    },
    {
        "path": "/media/posts/89/ESIC5.jpg",
        "type": "file",
        "md5": "8426a2b3d2b819c53b71c02f2ebd8e25"
    },
    {
        "path": "media/posts/9",
        "type": "directory",
        "md5": false
    },
    {
        "path": "/media/posts/9/ukutet.jpg",
        "type": "file",
        "md5": "4372f14c7926595b78f64c06ccfbb10d"
    },
    {
        "path": "media/posts/90",
        "type": "directory",
        "md5": false
    },
    {
        "path": "/media/posts/90/IOCL.jpg",
        "type": "file",
        "md5": "66ac194107a92293b8b392175c26f24f"
    },
    {
        "path": "media/posts/91",
        "type": "directory",
        "md5": false
    },
    {
        "path": "/media/posts/91/RCFL.jpg",
        "type": "file",
        "md5": "3bcbcd234c8c7e0090a10ac33005bb27"
    },
    {
        "path": "media/posts/92",
        "type": "directory",
        "md5": false
    },
    {
        "path": "/media/posts/92/RSMSSB.jpg",
        "type": "file",
        "md5": "44fb9cdb5227461bfb4dbf5c80d6bcfc"
    },
    {
        "path": "media/posts/93",
        "type": "directory",
        "md5": false
    },
    {
        "path": "/media/posts/93/UKPSC-e1397875412652.jpg",
        "type": "file",
        "md5": "635c9e1858a84a943d9f1ca23359ac2e"
    },
    {
        "path": "media/posts/94",
        "type": "directory",
        "md5": false
    },
    {
        "path": "/media/posts/94/Rajasthan-PSC.jpg",
        "type": "file",
        "md5": "14b27d9a0e3b54caaa4b391ebe24f378"
    },
    {
        "path": "media/posts/95",
        "type": "directory",
        "md5": false
    },
    {
        "path": "/media/posts/95/NRHM-Kerala.png",
        "type": "file",
        "md5": "ac8a4e70bf93406ddaa3ad1e1b7b73f0"
    },
    {
        "path": "media/posts/96",
        "type": "directory",
        "md5": false
    },
    {
        "path": "/media/posts/96/OSSC.jpg",
        "type": "file",
        "md5": "6e7a474f71b584f58d5adf225b523c1b"
    },
    {
        "path": "media/posts/97",
        "type": "directory",
        "md5": false
    },
    {
        "path": "/media/posts/97/West-Bengal-Police.jpg",
        "type": "file",
        "md5": "9cc7071b80d2e069abc8fd3fa499631a"
    },
    {
        "path": "media/posts/98",
        "type": "directory",
        "md5": false
    },
    {
        "path": "/media/posts/98/DSEU.jpg",
        "type": "file",
        "md5": "1c60c0ac78ed5cd51f7ba8125cc39cdb"
    },
    {
        "path": "media/posts/99",
        "type": "directory",
        "md5": false
    },
    {
        "path": "/media/posts/99/UPPCL.jpg",
        "type": "file",
        "md5": "9abc7af2d3ec6962bf2028a47696dfbe"
    },
    {
        "path": "mppeb-group-1-and-2-sub-group-1-recruitment-2022.html",
        "type": "file",
        "md5": "38da11604cfa02f50154074c75106ad8"
    },
    {
        "path": "mppsc-assistant-supervisor-last-reply-key-obtain.html",
        "type": "file",
        "md5": "0e8945b0596703ff709401fa44889b4a"
    },
    {
        "path": "mpsc-ao-recruitment-2022-mpsc-73-administrative-officer-emptiness.html",
        "type": "file",
        "md5": "f9159224a79b2144b904f3984be69f88"
    },
    {
        "path": "mrb-tn-darkish-room-assistant-recruitment-2022.html",
        "type": "file",
        "md5": "f3a2b3ddd782dedf48650eebfb5462cd"
    },
    {
        "path": "mrb-tn-junior-analyst-recruitment-2022.html",
        "type": "file",
        "md5": "5b4046706c58c2afcaa98963dfb1fcf8"
    },
    {
        "path": "nbcc-je-recruitment-2022-nbcc-india-ltd-80-junior-engineer-emptiness.html",
        "type": "file",
        "md5": "e99df27522f9bf4e4e73c1992b71977f"
    },
    {
        "path": "nfl-non-government-employee-recruitment-2021.html",
        "type": "file",
        "md5": "51f3948e681654f36f1688b574e5058b"
    },
    {
        "path": "nhm-haryana-cho-recruitment-2022.html",
        "type": "file",
        "md5": "222b6ea34e1ebcfa5251d69df9c7e798"
    },
    {
        "path": "nhm-kerala-workers-nurse-recruitment-2022.html",
        "type": "file",
        "md5": "34291ac50b4227572aa23cc061b04960"
    },
    {
        "path": "nhpc-je-recruitment-2022-nhpc-133-je-cbt-examination-admit-card.html",
        "type": "file",
        "md5": "c94864e24c3431e84df8fe94347cdb63"
    },
    {
        "path": "niacl-ao-recruitment-2021-niacl-ao-part-i-and-ii-on-line-examination-marks.html",
        "type": "file",
        "md5": "ece1e03e71a157a7515e81da97504664"
    },
    {
        "path": "nlc-get-recruitment-2022-300-graduate-government-trainee-emptiness.html",
        "type": "file",
        "md5": "a9da5e27773070017f927ea1b9416b35"
    },
    {
        "path": "ntpc-government-recruitment-2022-ntpc-55-government-emptiness.html",
        "type": "file",
        "md5": "8ef44b781dede04c28b024aba4f00b55"
    },
    {
        "path": "nvs-non-instructing-posts-recruitment-2022.html",
        "type": "file",
        "md5": "1120d8d1967c3ffd769479c82aff7926"
    },
    {
        "path": "ossc-cgl-recruitment-2021-ossc-group-b-graduate-stage-posts.html",
        "type": "file",
        "md5": "bece2c6b81e9f4e899f19fe6141b7996"
    },
    {
        "path": "page",
        "type": "directory",
        "md5": false
    },
    {
        "path": "page/10",
        "type": "directory",
        "md5": false
    },
    {
        "path": "/page/10/index.html",
        "type": "file",
        "md5": "53be31ab884b079b35fb799b65c73787"
    },
    {
        "path": "page/11",
        "type": "directory",
        "md5": false
    },
    {
        "path": "/page/11/index.html",
        "type": "file",
        "md5": "166a6d41c15b72a1c8b784d1ed3cccba"
    },
    {
        "path": "page/12",
        "type": "directory",
        "md5": false
    },
    {
        "path": "/page/12/index.html",
        "type": "file",
        "md5": "4594adabfdd21b394b969a945fcb3194"
    },
    {
        "path": "page/13",
        "type": "directory",
        "md5": false
    },
    {
        "path": "/page/13/index.html",
        "type": "file",
        "md5": "c8a099c3f74e8859fd0839b93d074dc9"
    },
    {
        "path": "page/14",
        "type": "directory",
        "md5": false
    },
    {
        "path": "/page/14/index.html",
        "type": "file",
        "md5": "96cd80254bfb9fd1d04505ef23f665f8"
    },
    {
        "path": "page/15",
        "type": "directory",
        "md5": false
    },
    {
        "path": "/page/15/index.html",
        "type": "file",
        "md5": "4abe6813e0a7858b8497443a83ae8c98"
    },
    {
        "path": "page/16",
        "type": "directory",
        "md5": false
    },
    {
        "path": "/page/16/index.html",
        "type": "file",
        "md5": "cedeececab77f95bc377a18c90a6382c"
    },
    {
        "path": "page/17",
        "type": "directory",
        "md5": false
    },
    {
        "path": "/page/17/index.html",
        "type": "file",
        "md5": "1c936bc12e21d90e800106f558913bf5"
    },
    {
        "path": "page/18",
        "type": "directory",
        "md5": false
    },
    {
        "path": "/page/18/index.html",
        "type": "file",
        "md5": "94c3dcf49096fafedf8e646f854599dd"
    },
    {
        "path": "page/19",
        "type": "directory",
        "md5": false
    },
    {
        "path": "/page/19/index.html",
        "type": "file",
        "md5": "40227653f19f82670838b5e18863e565"
    },
    {
        "path": "page/2",
        "type": "directory",
        "md5": false
    },
    {
        "path": "/page/2/index.html",
        "type": "file",
        "md5": "2e6a41fab2d14702a46909775fb0c18a"
    },
    {
        "path": "page/20",
        "type": "directory",
        "md5": false
    },
    {
        "path": "/page/20/index.html",
        "type": "file",
        "md5": "0514759595a24ffd4b667b57ce5c9228"
    },
    {
        "path": "page/21",
        "type": "directory",
        "md5": false
    },
    {
        "path": "/page/21/index.html",
        "type": "file",
        "md5": "3542808192d3c83fe6e896bb6e17b404"
    },
    {
        "path": "page/22",
        "type": "directory",
        "md5": false
    },
    {
        "path": "/page/22/index.html",
        "type": "file",
        "md5": "40617eb42f07fbfceb3015befa21ae6f"
    },
    {
        "path": "page/23",
        "type": "directory",
        "md5": false
    },
    {
        "path": "/page/23/index.html",
        "type": "file",
        "md5": "615b5d80e0c68f0db1d44811788cacf4"
    },
    {
        "path": "page/3",
        "type": "directory",
        "md5": false
    },
    {
        "path": "/page/3/index.html",
        "type": "file",
        "md5": "2c747efb7b5351b2a74180c311b42962"
    },
    {
        "path": "page/4",
        "type": "directory",
        "md5": false
    },
    {
        "path": "/page/4/index.html",
        "type": "file",
        "md5": "a22fc4f53c7eb0fbaddc340ab7e602ea"
    },
    {
        "path": "page/5",
        "type": "directory",
        "md5": false
    },
    {
        "path": "/page/5/index.html",
        "type": "file",
        "md5": "631695b14733d6b3bd5a12015826d159"
    },
    {
        "path": "page/6",
        "type": "directory",
        "md5": false
    },
    {
        "path": "/page/6/index.html",
        "type": "file",
        "md5": "e8184d5a7454c2633b8174e12f990b42"
    },
    {
        "path": "page/7",
        "type": "directory",
        "md5": false
    },
    {
        "path": "/page/7/index.html",
        "type": "file",
        "md5": "8f94c6ed1940d7e2eab86eebe2ed4b2f"
    },
    {
        "path": "page/8",
        "type": "directory",
        "md5": false
    },
    {
        "path": "/page/8/index.html",
        "type": "file",
        "md5": "fdf09d80b52156e0eadf0e161945b73c"
    },
    {
        "path": "page/9",
        "type": "directory",
        "md5": false
    },
    {
        "path": "/page/9/index.html",
        "type": "file",
        "md5": "9ccb8869efbc3d6e3fa038f5db9d6f40"
    },
    {
        "path": "patna-excessive-court-docket-district-decide-recruitment-2021.html",
        "type": "file",
        "md5": "24946e56844f049deff867d4e4e0d3de"
    },
    {
        "path": "patna-excessive-courtroom-pc-operator-recruitment-2022.html",
        "type": "file",
        "md5": "2f810a163b9ee66966bdc7e293134dc8"
    },
    {
        "path": "pgcil-diploma-trainee-recruitment-2022.html",
        "type": "file",
        "md5": "b5d01a18b771d1adb3d215e824475b70"
    },
    {
        "path": "pnb-burdwan-circle-peon-recruitment-2022.html",
        "type": "file",
        "md5": "3c60fa1bc0467b6da27a99e2bfa8ba63"
    },
    {
        "path": "pnb-peon-recruitment-2022-punjab-nationwide-financial-institution-16-peons-emptiness.html",
        "type": "file",
        "md5": "041910145dc2ddc77b44ff5859822cd0"
    },
    {
        "path": "railtel-apprentice-recruitment-2022-103-graduatediploma-emptiness.html",
        "type": "file",
        "md5": "c7316735a00448b468498e9b758a8dca"
    },
    {
        "path": "rbi-assistant-2021-on-line-preliminary-examination-admit-card-obtain.html",
        "type": "file",
        "md5": "2c932d33dedaab77e95f28a1829e467e"
    },
    {
        "path": "rbi-non-csg-numerous-posts-recruitment-2022.html",
        "type": "file",
        "md5": "040cf4c9a1da51d5b91a1af39bd11fec"
    },
    {
        "path": "rbi-officers-grade-b-recruitment-2022.html",
        "type": "file",
        "md5": "059a535261d0f66091ed34a21713a75b"
    },
    {
        "path": "rcfl-nurse-and-numerous-posts-recruitment-2022.html",
        "type": "file",
        "md5": "0023a039123b614674ef486fb55ddd07"
    },
    {
        "path": "rcfl-operator-trainee-chemical-recruitment-2022.html",
        "type": "file",
        "md5": "7a4033474801fe305d23ff9fb9a7cd19"
    },
    {
        "path": "rcfl-technician-recruitment-2022-rcfl-111-technician-emptiness.html",
        "type": "file",
        "md5": "b357f99ca7539368c8752f5ecc76ac24"
    },
    {
        "path": "results-of-preliminary-written-check-for-the-submit-of-constable-and-girl-constable-in-west-bengal-police-2020.html",
        "type": "file",
        "md5": "182560ed5fd5e9d6ac71c90d5fc10d00"
    },
    {
        "path": "robots.txt",
        "type": "file",
        "md5": "18ffc402409aa6d9e957f6d38e39b279"
    },
    {
        "path": "rpsc-rasrts-2021-rpsc-ras-2021-mains-examination-admit-card.html",
        "type": "file",
        "md5": "50269bf476aff29969d0d6dd4823a16b"
    },
    {
        "path": "rrb-ntpc-cen-012019-ntpc-1st-stage-cbt-1-examination-further-outcome.html",
        "type": "file",
        "md5": "43b1b07f3df7d75db113c35d6e386ba9"
    },
    {
        "path": "rsmssb-forest-guard-and-forester-recruitment-2022.html",
        "type": "file",
        "md5": "f49fddc28aeecb8a7be40cfe8a9c2d52"
    },
    {
        "path": "rsmssb-lab-assistant-recruitment-2022.html",
        "type": "file",
        "md5": "06405a662838b7f75b11cfd6d3b939ea"
    },
    {
        "path": "rsmssb-laptop-teacher-recruitment-2022.html",
        "type": "file",
        "md5": "cc1fccf4452c8179c589c9f19eaa107e"
    },
    {
        "path": "rsmssb-livestock-assistant-recruitment-2022.html",
        "type": "file",
        "md5": "b86672e073767bda2f520c5fe78eb88a"
    },
    {
        "path": "sbi-po-recruitment-2021-sbi-po-ultimate-end-result-declare.html",
        "type": "file",
        "md5": "b6ce772853f1c3d2454e53fe34ea6407"
    },
    {
        "path": "sitemap.xml",
        "type": "file",
        "md5": "1aaa61412c79c260865783625dd0f1b0"
    },
    {
        "path": "sitemap.xsl",
        "type": "file",
        "md5": "03c2f9a7fdcc46ff05c435907614a0b8"
    },
    {
        "path": "ssc-havaldar-recruitment-2022-3603-havaldar-cbic-and-cbn-emptiness.html",
        "type": "file",
        "md5": "4aa01387d27c51e14d76b432bfacd3d7"
    },
    {
        "path": "ssc-mts-2020-ssc-mts-2020-paper-i-ultimate-reply-key.html",
        "type": "file",
        "md5": "e8dfa65d6c2ccbef9cddbded3781388c"
    },
    {
        "path": "ssc-mts-2021-ssc-mts-non-technical-examination-2021.html",
        "type": "file",
        "md5": "e255a7e5da25f541f1d5fbee96ed65b1"
    },
    {
        "path": "tags",
        "type": "directory",
        "md5": false
    },
    {
        "path": "/tags/index.html",
        "type": "file",
        "md5": "20abf55ef576b2ef28001d806a124320"
    },
    {
        "path": "ukmssb-mo-ayurveda-recruitment-2022.html",
        "type": "file",
        "md5": "370b8cde202bdf36fc9847ec843c2c90"
    },
    {
        "path": "ukmssb-well-being-employee-recruitment-2022.html",
        "type": "file",
        "md5": "5e3bb25bb5ebec6418762ed04ca92356"
    },
    {
        "path": "ukpsc-pcs-2021-uttarakhand-psc-2021-pre-examination-admit-card.html",
        "type": "file",
        "md5": "991133f911463cc8a0a3a0e16d4a755c"
    },
    {
        "path": "ukpsc-recruitment-2021-17-overview-officer-ro-and-aro-pre-admit-card.html",
        "type": "file",
        "md5": "fddace38d886ad63052c18c2787b21a1"
    },
    {
        "path": "ukpsc-scientific-officer-recruitment-2022.html",
        "type": "file",
        "md5": "649891a51f06bcffa7f2dd9b82c7b47e"
    },
    {
        "path": "uksssc-recruitment-2021-33-secretariat-safety-posts-examination-outcome.html",
        "type": "file",
        "md5": "a1f30a59a0b2f182393da704f2003f75"
    },
    {
        "path": "up-police-upprpb-assistant-operator-recruitment-2022.html",
        "type": "file",
        "md5": "f99ff30f37e5d9d90ded1678e3caf8d0"
    },
    {
        "path": "up-police-workshop-employees-recruitment-2022.html",
        "type": "file",
        "md5": "49d4df635dbd2d63d7673b1c5fab0f88"
    },
    {
        "path": "uppcl-113-assistant-engineer-trainee-ae-cbt-admit-card-obtain.html",
        "type": "file",
        "md5": "36cc157b1a8ba20a94266187f9e32a2b"
    },
    {
        "path": "uppcl-camp-assistant-cbt-examination-admit-card-obtain.html",
        "type": "file",
        "md5": "c15db32d3351868433565bde4136ea18"
    },
    {
        "path": "uppcl-je-civil-recruitment-2022.html",
        "type": "file",
        "md5": "a90f55d784f6b3bade2888c57924c3e8"
    },
    {
        "path": "uppcl-je-recruitment-2021-uppcl-je-2020-ultimate-outcome.html",
        "type": "file",
        "md5": "d1c885ab0802e77d81dc6283b2d01ca5"
    },
    {
        "path": "upprpb-up-police-head-operator-recruitment-2022.html",
        "type": "file",
        "md5": "caa77d2a7e265a894dd93cc5122cb7b0"
    },
    {
        "path": "uppsc-pcs-recruitment-2022-up-pcs-examination-2022-250-emptiness.html",
        "type": "file",
        "md5": "0aae9c537e3702402a7bcc09737db756"
    },
    {
        "path": "uppsc-ro-aro-recruitment-2021.html",
        "type": "file",
        "md5": "8b4cffeb46818542a95efc54084afe85"
    },
    {
        "path": "uppsc-technical-training-instructing-service-examination-2021-admit-card.html",
        "type": "file",
        "md5": "8cb1fd0b7d88ea7ebf5f52060311b27e"
    },
    {
        "path": "uprvunl-je-and-varied-posts-recruitment-2022.html",
        "type": "file",
        "md5": "54cb8130eb30099581dc4f6681e1c90d"
    },
    {
        "path": "upsc-cds-i-2021-upsc-cds-1-2021-ota-remaining-outcome.html",
        "type": "file",
        "md5": "d8a9e1ef785e28191dd08ffd74f4e23f"
    },
    {
        "path": "upsc-cds-i-2022-upsc-cds-i-2022-written-examination-admit-card.html",
        "type": "file",
        "md5": "7712b22b63916ccfad4ae37c10f7ef65"
    },
    {
        "path": "upsc-ias-examination-2021-civil-companies-most-important-examination-2021-end-result.html",
        "type": "file",
        "md5": "dc71b23bd35518802232e230a160cd8c"
    },
    {
        "path": "upsc-nda-i-examination-2022.html",
        "type": "file",
        "md5": "a11593f7a20218b92bfcef09e2d8bed3"
    },
    {
        "path": "upsssc-decrease-subordinate-examination-2019.html",
        "type": "file",
        "md5": "0c05dc76f5a4d4699681100b154d259f"
    },
    {
        "path": "utet-2021-examination-uttarakhand-tet-2021-examination-outcome-declare.html",
        "type": "file",
        "md5": "c91958f91c8361b2cd6fa9429eb8ed8e"
    },
    {
        "path": "uttarakhand-postal-circle-581-gramin-dak-sevak-gds-end-result-declare.html",
        "type": "file",
        "md5": "77feac1395c783da6d2f6025ebe8a304"
    },
    {
        "path": "wb-police-si-notification-2021.html",
        "type": "file",
        "md5": "3bafe1f0bed80139d90593d1055797a6"
    },
    {
        "path": "wb-police-wi-fi-supervisor-2021-wi-fi-supervisor-pre-examination-end-result.html",
        "type": "file",
        "md5": "ce3bafcb995c63f5413f3d89d89aa2cb"
    },
    {
        "path": "wbpsc-wbcs-exe-examination-notification-2022.html",
        "type": "file",
        "md5": "1137a9af49b831099d194afb3cd47733"
    }
]